Domain	Phylum	Class	Order	Family	Genus	Species
Gp_MJ3_477	d__Bacteria	p__Bacteroidota	c__Bacteroidia	o__Bacteroidales	f__Bacteroidaceae	g__Bacteroides	s__Bacteroides faecis
Gp_MJ4_197	d__Bacteria	p__Bacillota_A	c__Clostridia	o__Lachnospirales	f__Lachnospiraceae	g__Blautia_A	s__Blautia_A sp000436615
Sg_A11_12	d__Bacteria	p__Pseudomonadota	c__Gammaproteobacteria	o__Enterobacterales	f__Enterobacteriaceae	g__Kosakonia	s__
Sg_A11_2	d__Bacteria	p__Pseudomonadota	c__Gammaproteobacteria	o__Enterobacterales	f__Enterobacteriaceae	g__Enterobacter	s__Enterobacter roggenkampii
Sg_A19_11	d__Bacteria	p__Bacillota	c__Bacilli	o__Lactobacillales	f__Streptococcaceae	g__Streptococcus	s__Streptococcus infantarius
Sg_A20_2	d__Bacteria	p__Bacteroidota	c__Bacteroidia	o__Bacteroidales	f__Muribaculaceae	g__Limisoma	s__Limisoma sp000437795
Sg_A20_35	d__Bacteria	p__Bacteroidota	c__Bacteroidia	o__Bacteroidales	f__Bacteroidaceae	g__Prevotella	s__Prevotella sp000434975
Sg_A22_19	d__Bacteria	p__Bacillota_A	c__Clostridia	o__Lachnospirales	f__Lachnospiraceae	g__Faecalimonas	s__Faecalimonas phoceensis
Sg_A22_3	d__Bacteria	p__Fusobacteriota	c__Fusobacteriia	o__Fusobacteriales	f__Fusobacteriaceae	g__Fusobacterium_A	s__Fusobacterium_A sp900015295
Sg_A22_8	d__Bacteria	p__Bacillota_A	c__Clostridia	o__Lachnospirales	f__Lachnospiraceae	g__Blautia_A	s__Blautia_A sp003471165
Sg_A27_23	d__Bacteria	p__Bacteroidota	c__Bacteroidia	o__Bacteroidales	f__Bacteroidaceae	g__Prevotella	s__Prevotella stercorea
Sg_A27_31	d__Bacteria	p__Bacillota_A	c__Clostridia	o__Lachnospirales	f__Lachnospiraceae	g__Anaerobutyricum	s__Anaerobutyricum hallii
Sg_A28_8	d__Bacteria	p__Bacteroidota	c__Bacteroidia	o__Bacteroidales	f__Bacteroidaceae	g__Prevotella	s__
Sg_B03_29	d__Bacteria	p__Bacillota_A	c__Clostridia	o__Oscillospirales	f__Oscillospiraceae	g__ER4	s__ER4 sp000765235
Sg_B04_2	d__Bacteria	p__Bacillota_A	c__Clostridia	o__Lachnospirales	f__Lachnospiraceae	g__Fusicatenibacter	s__Fusicatenibacter saccharivorans
Sg_B07_38	d__Bacteria	p__Bacillota_A	c__Clostridia	o__Lachnospirales	f__Lachnospiraceae	g__Hungatella	s__Hungatella hathewayi
Sg_B07_50	d__Bacteria	p__Bacillota_A	c__Clostridia	o__Oscillospirales	f__Oscillospiraceae	g__CAG-170	s__CAG-170 sp900548625
Sg_B07_53	d__Bacteria	p__Bacteroidota	c__Bacteroidia	o__Bacteroidales	f__Bacteroidaceae	g__Bacteroides	s__Bacteroides fragilis
Sg_B07_62	d__Bacteria	p__Bacteroidota	c__Bacteroidia	o__Bacteroidales	f__Tannerellaceae	g__Parabacteroides	s__Parabacteroides gordonii
Sg_B08_36	d__Bacteria	p__Bacteroidota	c__Bacteroidia	o__Bacteroidales	f__Bacteroidaceae	g__Bacteroides	s__Bacteroides cellulosilyticus
Sg_B14_1	d__Bacteria	p__Bacillota_A	c__Clostridia	o__Clostridiales	f__Clostridiaceae	g__Clostridium	s__Clostridium saudiense
Sg_B14_13	d__Bacteria	p__Bacteroidota	c__Bacteroidia	o__Bacteroidales	f__Bacteroidaceae	g__Phocaeicola	s__Phocaeicola massiliensis
Sg_B15_22	d__Bacteria	p__Bacillota	c__Bacilli	o__Lactobacillales	f__Streptococcaceae	g__Streptococcus	s__
Sg_B15_23	d__Bacteria	p__Bacteroidota	c__Bacteroidia	o__Bacteroidales	f__Bacteroidaceae	g__Bacteroides	s__Bacteroides xylanisolvens
Sg_B15_35	d__Bacteria	p__Bacillota_A	c__Clostridia	o__Lachnospirales	f__Lachnospiraceae	g__Blautia	s__Blautia hansenii
Sg_B15_52	d__Bacteria	p__Bacillota	c__Bacilli	o__Erysipelotrichales	f__Coprobacillaceae	g__Thomasclavelia	s__Thomasclavelia ramosa
Sg_B19_58	d__Bacteria	p__Bacillota_A	c__Clostridia	o__Oscillospirales	f__Oscillospiraceae	g__Evtepia	s__Evtepia sp004556345
Sg_B25_10	d__Bacteria	p__Bacillota_A	c__Clostridia	o__Peptostreptococcales	f__Peptostreptococcaceae	g__Peptacetobacter	s__Peptacetobacter sp900539645
Sg_B25_38	d__Bacteria	p__Pseudomonadota	c__Gammaproteobacteria	o__Enterobacterales	f__Enterobacteriaceae	g__Proteus	s__Proteus mirabilis
Sg_B27_18	d__Bacteria	p__Bacillota_A	c__Clostridia	o__Clostridiales	f__Clostridiaceae	g__Clostridium	s__Clostridium cuniculi
Sg_B27_6	d__Bacteria	p__Bacillota_A	c__Clostridia	o__Peptostreptococcales	f__Peptostreptococcaceae	g__Intestinibacter	s__Intestinibacter bartlettii
Sg_C03_36	d__Bacteria	p__Pseudomonadota	c__Gammaproteobacteria	o__Enterobacterales	f__Enterobacteriaceae	g__Enterobacter	s__Enterobacter hormaechei_A
Sg_CA11_3	d__Bacteria	p__Bacillota_A	c__Clostridia	o__Oscillospirales	f__Ruminococcaceae	g__Faecalibacterium	s__Faecalibacterium duncaniae
Sg_CA11_52	d__Bacteria	p__Bacillota	c__Bacilli	o__Lactobacillales	f__Streptococcaceae	g__Streptococcus	s__Streptococcus sp001556435
Sg_CA13_9	d__Bacteria	p__Bacillota_A	c__Clostridia	o__Oscillospirales	f__Ruminococcaceae	g__Gemmiger	s__Gemmiger sp900540775
Sg_CA25_14	d__Bacteria	p__Bacillota_A	c__Clostridia	o__Oscillospirales	f__Acutalibacteraceae	g__CAG-177	s__CAG-177 sp003538135
Sg_CA25_21	d__Bacteria	p__Bacteroidota	c__Bacteroidia	o__Bacteroidales	f__Tannerellaceae	g__Parabacteroides	s__Parabacteroides goldsteinii
Sg_CA40A_55	d__Bacteria	p__Bacillota_A	c__Clostridia	o__Christensenellales	f__CAG-138	g__SFEL01	s__SFEL01 sp004557245
Sg_CA9_20	d__Bacteria	p__Bacillota_A	c__Clostridia	o__Lachnospirales	f__Lachnospiraceae	g__Anaerobutyricum	s__Anaerobutyricum soehngenii
Sg_CB03_44	d__Bacteria	p__Bacillota	c__Bacilli	o__Lactobacillales	f__Enterococcaceae	g__Enterococcus_D	s__Enterococcus_D gallinarum
Sg_CD23A_32	d__Bacteria	p__Desulfobacterota	c__Desulfovibrionia	o__Desulfovibrionales	f__Desulfovibrionaceae	g__Bilophila	s__Bilophila wadsworthia
Sg_CD24A_10	d__Bacteria	p__Bacteroidota	c__Bacteroidia	o__Bacteroidales	f__Bacteroidaceae	g__Paraprevotella	s__Paraprevotella clara
Sg_CD25A_53	d__Bacteria	p__Bacteroidota	c__Bacteroidia	o__Bacteroidales	f__UBA932	g__Cryptobacteroides	s__Cryptobacteroides sp000433355
Sg_CD26A_19	d__Bacteria	p__Bacteroidota	c__Bacteroidia	o__Bacteroidales	f__Marinifilaceae	g__Odoribacter	s__Odoribacter splanchnicus
Sg_CD30A_34	d__Bacteria	p__Bacteroidota	c__Bacteroidia	o__Bacteroidales	f__Bacteroidaceae	g__Bacteroides	s__Bacteroides sp900552405
Sg_CE19A_15	d__Bacteria	p__Bacteroidota	c__Bacteroidia	o__Bacteroidales	f__Tannerellaceae	g__Parabacteroides	s__Parabacteroides merdae
Sg_CE19A_24	d__Bacteria	p__Bacillota_A	c__Clostridia	o__Oscillospirales	f__Oscillospiraceae	g__Flavonifractor	s__Flavonifractor plautii
Sg_CE19A_29	d__Bacteria	p__Bacteroidota	c__Bacteroidia	o__Bacteroidales	f__Marinifilaceae	g__Butyricimonas	s__Butyricimonas virosa
Sg_CE19A_36	d__Bacteria	p__Bacillota_A	c__Clostridia	o__Lachnospirales	f__Lachnospiraceae	g__Mediterraneibacter	s__
Sg_CG50A_49	d__Bacteria	p__Bacteroidota	c__Bacteroidia	o__Bacteroidales	f__Bacteroidaceae	g__Prevotella	s__Prevotella sp900313215
Sg_CG50A_74	d__Bacteria	p__Pseudomonadota	c__Gammaproteobacteria	o__Enterobacterales	f__Enterobacteriaceae	g__Enterobacter	s__Enterobacter roggenkampii
Sg_CK05A_18	d__Bacteria	p__Bacteroidota	c__Bacteroidia	o__Bacteroidales	f__Tannerellaceae	g__Parabacteroides	s__Parabacteroides distasonis
Sg_CK05A_46	d__Bacteria	p__Bacillota_A	c__Clostridia	o__Oscillospirales	f__Oscillospiraceae	g__Vescimonas	s__Vescimonas sp900548615
Sg_CK05A_56	d__Bacteria	p__Bacteroidota	c__Bacteroidia	o__Bacteroidales	f__Bacteroidaceae	g__Bacteroides	s__Bacteroides salyersiae
Sg_CK28A_36	d__Bacteria	p__Bacillota_A	c__Clostridia	o__Lachnospirales	f__Lachnospiraceae	g__Hungatella	s__Hungatella effluvii
Sg_CK52A_43	d__Bacteria	p__Bacillota_A	c__Clostridia	o__Oscillospirales	f__Oscillospiraceae	g__CAG-170	s__CAG-170 sp002404795
Sg_CK52A_74	d__Bacteria	p__Bacteroidota	c__Bacteroidia	o__Bacteroidales	f__Bacteroidaceae	g__Bacteroides	s__Bacteroides fragilis_A
Sg_CM17_16	d__Bacteria	p__Bacteroidota	c__Bacteroidia	o__Bacteroidales	f__Bacteroidaceae	g__Prevotella	s__Prevotella sp000436035
Sg_CM17_58	d__Bacteria	p__Bacillota_A	c__Clostridia	o__Christensenellales	f__CAG-138	g__PeH17	s__PeH17 sp000435055
Sg_CM17_7	d__Bacteria	p__Bacillota_A	c__Clostridia	o__Oscillospirales	f__Oscillospiraceae	g__CAG-170	s__CAG-170 sp900545925
Sg_CM21_57	d__Bacteria	p__Bacteroidota	c__Bacteroidia	o__Bacteroidales	f__Bacteroidaceae	g__Bacteroides	s__Bacteroides thetaiotaomicron
Sg_CM29A_16	d__Bacteria	p__Bacillota_A	c__Clostridia	o__Oscillospirales	f__Oscillospiraceae	g__ER4	s__ER4 sp900317525
Sg_CM31A_43	d__Bacteria	p__Bacillota	c__Bacilli	o__Lactobacillales	f__Streptococcaceae	g__Streptococcus	s__Streptococcus vestibularis
Sg_CM31A_52	d__Bacteria	p__Pseudomonadota	c__Gammaproteobacteria	o__Enterobacterales	f__Enterobacteriaceae	g__Citrobacter_A	s__Citrobacter_A farmeri
Sg_CM32A_26	d__Bacteria	p__Bacillota_A	c__Clostridia	o__Oscillospirales	f__Oscillospiraceae	g__Vescimonas	s__Vescimonas sp000435975
Sg_CM32A_49	d__Bacteria	p__Bacillota	c__Bacilli	o__Erysipelotrichales	f__Erysipelotrichaceae	g__Holdemanella	s__Holdemanella sp003458715
Sg_CM33A_60	d__Bacteria	p__Bacillota_A	c__Clostridia	o__Oscillospirales	f__Oscillospiraceae	g__ER4	s__ER4 sp003522105
Sg_CM35A_15	d__Bacteria	p__Bacillota_A	c__Clostridia	o__Oscillospirales	f__Oscillospiraceae	g__Vescimonas	s__Vescimonas sp003539495
Sg_D02_32	d__Bacteria	p__Bacillota_A	c__Clostridia	o__Lachnospirales	f__Lachnospiraceae	g__CAG-317	s__CAG-317 sp900543415
Sg_D02_9	d__Bacteria	p__Bacillota_A	c__Clostridia	o__Lachnospirales	f__Lachnospiraceae	g__Dorea	s__Dorea formicigenerans
Sg_D03_78	d__Bacteria	p__Bacillota_A	c__Clostridia	o__Oscillospirales	f__Ruminococcaceae	g__Angelakisella	s__
Sg_D09_14	d__Bacteria	p__Pseudomonadota	c__Gammaproteobacteria	o__Enterobacterales	f__Enterobacteriaceae	g__Enterobacter	s__Enterobacter cloacae_I
Sg_D10_17	d__Bacteria	p__Bacteroidota	c__Bacteroidia	o__Bacteroidales	f__Bacteroidaceae	g__Bacteroides	s__Bacteroides ovatus
Sg_D18_45	d__Bacteria	p__Bacillota_A	c__Clostridia	o__Lachnospirales	f__Lachnospiraceae	g__Anaerostipes	s__Anaerostipes hadrus
Sg_E04_12	d__Bacteria	p__Fusobacteriota	c__Fusobacteriia	o__Fusobacteriales	f__Fusobacteriaceae	g__Fusobacterium_B	s__Fusobacterium_B sp900541465
Sg_E06_10	d__Bacteria	p__Bacillota_A	c__Clostridia	o__Oscillospirales	f__Oscillospiraceae	g__Vescimonas	s__Vescimonas sp900545585
Sg_E06_24	d__Bacteria	p__Actinomycetota	c__Coriobacteriia	o__Coriobacteriales	f__Coriobacteriaceae	g__Collinsella	s__Collinsella sp905215505
Sg_E10_50	d__Bacteria	p__Bacillota_A	c__Clostridia	o__Lachnospirales	f__Lachnospiraceae	g__Blautia_A	s__Blautia_A obeum
Sg_EA47_17	d__Bacteria	p__Pseudomonadota	c__Gammaproteobacteria	o__Enterobacterales	f__Enterobacteriaceae	g__Klebsiella	s__Klebsiella pneumoniae
Sg_EA47_9	d__Bacteria	p__Bacillota	c__Bacilli	o__Erysipelotrichales	f__Coprobacillaceae	g__Faecalibacillus	s__Faecalibacillus faecis
Sg_EA57_9	d__Bacteria	p__Bacillota	c__Bacilli	o__Lactobacillales	f__Streptococcaceae	g__Streptococcus	s__
Sg_EA61_27	d__Bacteria	p__Actinomycetota	c__Coriobacteriia	o__Coriobacteriales	f__Coriobacteriaceae	g__Collinsella	s__
Sg_EB08_12	d__Bacteria	p__Bacillota_A	c__Clostridia	o__Peptostreptococcales	f__Peptostreptococcaceae	g__Peptacetobacter	s__Peptacetobacter hiranonis
Sg_EB09_7	d__Bacteria	p__Pseudomonadota	c__Gammaproteobacteria	o__Enterobacterales	f__Enterobacteriaceae	g__Klebsiella	s__Klebsiella quasipneumoniae
Sg_EB10_11	d__Bacteria	p__Actinomycetota	c__Coriobacteriia	o__Coriobacteriales	f__Coriobacteriaceae	g__Collinsella	s__
Sg_EB13_4	d__Bacteria	p__Bacteroidota	c__Bacteroidia	o__Bacteroidales	f__Bacteroidaceae	g__Phocaeicola	s__
Sg_EB21_10	d__Bacteria	p__Actinomycetota	c__Coriobacteriia	o__Coriobacteriales	f__Coriobacteriaceae	g__Collinsella	s__
Sg_EM03_7	d__Bacteria	p__Bacteroidota	c__Bacteroidia	o__Bacteroidales	f__Rikenellaceae	g__Alistipes_A	s__Alistipes_A pullistercoris
Sg_EM12_46	d__Bacteria	p__Bacteroidota	c__Bacteroidia	o__Bacteroidales	f__Rikenellaceae	g__Alistipes	s__Alistipes avistercoris
Sg_EM22_6	d__Bacteria	p__Pseudomonadota	c__Gammaproteobacteria	o__Enterobacterales	f__Enterobacteriaceae	g__Enterobacter	s__Enterobacter kobei
Sg_EM25_40	d__Bacteria	p__Bacillota_A	c__Clostridia	o__Oscillospirales	f__Ruminococcaceae	g__Negativibacillus	s__Negativibacillus sp000435195
Sg_EM30_38	d__Bacteria	p__Bacteroidota	c__Bacteroidia	o__Bacteroidales	f__Bacteroidaceae	g__Prevotella	s__Prevotella copri_A
Sg_EM34_4	d__Bacteria	p__Pseudomonadota	c__Gammaproteobacteria	o__Enterobacterales	f__Enterobacteriaceae	g__Escherichia	s__Escherichia coli
Sg_G06_9	d__Bacteria	p__Bacillota_C	c__Negativicutes	o__Acidaminococcales	f__Acidaminococcaceae	g__Phascolarctobacterium	s__Phascolarctobacterium faecium
Sg_G09_4	d__Bacteria	p__Bacteroidota	c__Bacteroidia	o__Bacteroidales	f__Rikenellaceae	g__Alistipes	s__Alistipes onderdonkii
Sg_G10_35	d__Bacteria	p__Bacillota	c__Bacilli	o__Erysipelotrichales	f__Erysipelotrichaceae	g__Holdemanella	s__Holdemanella sp003436425
Sg_G18_19	d__Bacteria	p__Bacteroidota	c__Bacteroidia	o__Bacteroidales	f__UBA932	g__Coprenecus	s__Coprenecus sp944326235
Sg_G19_41	d__Bacteria	p__Bacillota_A	c__Clostridia	o__Lachnospirales	f__Lachnospiraceae	g__UBA11774	s__UBA11774 sp003507655
Sg_G21_58	d__Bacteria	p__Bacillota_A	c__Clostridia	o__Oscillospirales	f__Ruminococcaceae	g__Faecalibacterium	s__Faecalibacterium hattorii
Sg_G22_16	d__Bacteria	p__Pseudomonadota	c__Gammaproteobacteria	o__Enterobacterales	f__Enterobacteriaceae	g__Klebsiella	s__Klebsiella aerogenes
Sg_G26_10	d__Bacteria	p__Bacillota_A	c__Clostridia	o__Oscillospirales	f__Oscillospiraceae	g__Faecousia	s__Faecousia sp003525905
Sg_G26_22	d__Bacteria	p__Bacteroidota	c__Bacteroidia	o__Bacteroidales	f__Bacteroidaceae	g__Bacteroides	s__Bacteroides fluxus
Sg_G29_33	d__Bacteria	p__Actinomycetota	c__Coriobacteriia	o__Coriobacteriales	f__Coriobacteriaceae	g__Collinsella	s__Collinsella sp003466125
Sg_G33_7	d__Bacteria	p__Bacillota_A	c__Clostridia	o__Oscillospirales	f__Oscillospiraceae	g__ER4	s__ER4 sp900550165
Sg_G39_28	d__Bacteria	p__Bacteroidota	c__Bacteroidia	o__Bacteroidales	f__Rikenellaceae	g__Alistipes	s__Alistipes putredinis
Sg_G43_29	d__Bacteria	p__Bacteroidota	c__Bacteroidia	o__Bacteroidales	f__Bacteroidaceae	g__Alloprevotella	s__Alloprevotella sp900539625
Sg_G47_17	d__Bacteria	p__Fusobacteriota	c__Fusobacteriia	o__Fusobacteriales	f__Fusobacteriaceae	g__Fusobacterium_A	s__Fusobacterium_A mortiferum
Sg_H04_45	d__Bacteria	p__Bacillota_A	c__Clostridia	o__Oscillospirales	f__Ruminococcaceae	g__Faecalibacterium	s__Faecalibacterium sp900765705
Sg_I05_27	d__Bacteria	p__Bacillota_A	c__Clostridia	o__Oscillospirales	f__Oscillospiraceae	g__CAG-170	s__CAG-170 sp000432135
Sg_I06_25	d__Bacteria	p__Bacillota_A	c__Clostridia	o__Lachnospirales	f__Lachnospiraceae	g__Enterocloster	s__Enterocloster sp000431375
Sg_I07_11	d__Bacteria	p__Pseudomonadota	c__Gammaproteobacteria	o__Enterobacterales	f__Enterobacteriaceae	g__Escherichia	s__Escherichia ruysiae
Sg_I12_32	d__Bacteria	p__Bacillota_A	c__Clostridia	o__Lachnospirales	f__Lachnospiraceae	g__Enterocloster	s__Enterocloster clostridioformis
Sg_I12_44	d__Bacteria	p__Bacteroidota	c__Bacteroidia	o__Bacteroidales	f__Rikenellaceae	g__Alistipes	s__Alistipes finegoldii
Sg_I12_6	d__Bacteria	p__Actinomycetota	c__Coriobacteriia	o__Coriobacteriales	f__Coriobacteriaceae	g__Collinsella	s__
Sg_K01_5	d__Bacteria	p__Actinomycetota	c__Coriobacteriia	o__Coriobacteriales	f__Coriobacteriaceae	g__Collinsella	s__
Sg_K09_1	d__Bacteria	p__Bacillota_A	c__Clostridia	o__Lachnospirales	f__Lachnospiraceae	g__Blautia_A	s__Blautia_A sp900549015
Sg_K09_61	d__Bacteria	p__Pseudomonadota	c__Gammaproteobacteria	o__Enterobacterales	f__Enterobacteriaceae	g__Kluyvera	s__Kluyvera sichuanensis
Sg_K10_28	d__Bacteria	p__Bacteroidota	c__Bacteroidia	o__Bacteroidales	f__Bacteroidaceae	g__Prevotella	s__Prevotella sp900767615
Sg_K14_18	d__Bacteria	p__Bacillota	c__Bacilli	o__Erysipelotrichales	f__Erysipelotrichaceae	g__Holdemanella	s__Holdemanella sp900556915
Sg_K15_44	d__Bacteria	p__Bacillota_A	c__Clostridia	o__Lachnospirales	f__Lachnospiraceae	g__Blautia_A	s__
Sg_K16_50	d__Bacteria	p__Bacillota_A	c__Clostridia	o__Clostridiales	f__Clostridiaceae	g__Clostridium	s__Clostridium sp900540255
Sg_K16_53	d__Bacteria	p__Bacillota_A	c__Clostridia	o__Oscillospirales	f__Ruminococcaceae	g__Gemmiger	s__Gemmiger sp900540595
Sg_K17_22	d__Bacteria	p__Verrucomicrobiota	c__Verrucomicrobiae	o__Verrucomicrobiales	f__Akkermansiaceae	g__Akkermansia	s__Akkermansia intestinavium
Sg_K22_66	d__Bacteria	p__Bacillota_A	c__Clostridia	o__Lachnospirales	f__Lachnospiraceae	g__Lachnoclostridium_B	s__Lachnoclostridium_B sp900066555
Sg_K22_8	d__Bacteria	p__Bacillota_A	c__Clostridia	o__Lachnospirales	f__Lachnospiraceae	g__CAG-317	s__CAG-317 sp000433535
Sg_K31_45	d__Bacteria	p__Actinomycetota	c__Actinomycetia	o__Actinomycetales	f__Bifidobacteriaceae	g__Bifidobacterium	s__Bifidobacterium bifidum
Sg_K32_30	d__Bacteria	p__Pseudomonadota	c__Gammaproteobacteria	o__Burkholderiales	f__Burkholderiaceae_B	g__Comamonas	s__Comamonas kerstersii
Sg_K34_1	d__Bacteria	p__Bacillota_A	c__Clostridia	o__Christensenellales	f__CAG-138	g__Phil1	s__Phil1 sp001940855
Sg_K36_16	d__Bacteria	p__Bacillota_A	c__Clostridia	o__Lachnospirales	f__Lachnospiraceae	g__Blautia_A	s__Blautia_A wexlerae
Sg_K36_17	d__Bacteria	p__Pseudomonadota	c__Gammaproteobacteria	o__Enterobacterales	f__Enterobacteriaceae	g__Klebsiella	s__Klebsiella variicola
Sg_K36_27	d__Bacteria	p__Bacillota_A	c__Clostridia	o__Lachnospirales	f__Lachnospiraceae	g__Blautia_A	s__Blautia_A intestinalis
Sg_K36_29	d__Bacteria	p__Bacillota_A	c__Clostridia	o__Lachnospirales	f__Lachnospiraceae	g__Blautia_A	s__Blautia_A faecis
Sg_K36_3	d__Bacteria	p__Bacteroidota	c__Bacteroidia	o__Bacteroidales	f__Bacteroidaceae	g__Bacteroides	s__Bacteroides eggerthii
Sg_K36_6	d__Bacteria	p__Bacillota	c__Bacilli	o__Erysipelotrichales	f__Erysipelotrichaceae	g__Clostridium_AQ	s__Clostridium_AQ innocuum
Sg_K40_4	d__Bacteria	p__Bacillota_A	c__Clostridia	o__Oscillospirales	f__Oscillospiraceae	g__Vescimonas	s__Vescimonas sp001916855
Sg_K46_34	d__Bacteria	p__Bacillota_A	c__Clostridia	o__Oscillospirales	f__Ruminococcaceae	g__Faecalibacterium	s__Faecalibacterium prausnitzii
Sg_M01_13	d__Bacteria	p__Bacillota_A	c__Clostridia	o__Oscillospirales	f__Ruminococcaceae	g__Angelakisella	s__Angelakisella sp900547385
Sg_M01_30	d__Bacteria	p__Bacillota_A	c__Clostridia	o__Oscillospirales	f__Oscillospiraceae	g__Vescimonas	s__Vescimonas sp003487665
Sg_M02_37	d__Bacteria	p__Actinomycetota	c__Coriobacteriia	o__Coriobacteriales	f__Coriobacteriaceae	g__Collinsella	s__
Sg_M02_5	d__Bacteria	p__Bacillota_A	c__Clostridia	o__Lachnospirales	f__Lachnospiraceae	g__Blautia	s__Blautia stercoris
Sg_M03_37	d__Bacteria	p__Bacillota	c__Bacilli	o__Lactobacillales	f__Enterococcaceae	g__Enterococcus_B	s__Enterococcus_B hirae
Sg_M03_38	d__Bacteria	p__Bacteroidota	c__Bacteroidia	o__Bacteroidales	f__Bacteroidaceae	g__Alloprevotella	s__Alloprevotella sp900540885
Sg_M07_27	d__Bacteria	p__Bacillota_A	c__Clostridia	o__Oscillospirales	f__Acutalibacteraceae	g__CAG-177	s__CAG-177 sp000431775
Sg_M07_39	d__Bacteria	p__Bacteroidota	c__Bacteroidia	o__Bacteroidales	f__Rikenellaceae	g__Alistipes_A	s__Alistipes_A ihumii
Sg_M07_4	d__Bacteria	p__Bacteroidota	c__Bacteroidia	o__Bacteroidales	f__Bacteroidaceae	g__UBA6398	s__UBA6398 sp900550635
Sg_M08_36	d__Bacteria	p__Bacillota_A	c__Clostridia	o__Oscillospirales	f__Ruminococcaceae	g__Gemmiger	s__Gemmiger sp900539695
Sg_M11_5	d__Bacteria	p__Pseudomonadota	c__Gammaproteobacteria	o__Enterobacterales	f__Enterobacteriaceae	g__Citrobacter_B	s__Citrobacter_B koseri
Sg_M11_7	d__Bacteria	p__Bacillota_A	c__Clostridia	o__Oscillospirales	f__Oscillospiraceae	g__Scatomorpha	s__Scatomorpha intestinigallinarum
Sg_M12_21	d__Bacteria	p__Bacteroidota	c__Bacteroidia	o__Bacteroidales	f__Bacteroidaceae	g__Phocaeicola	s__Phocaeicola vulgatus
Sg_M12_39	d__Bacteria	p__Bacteroidota	c__Bacteroidia	o__Bacteroidales	f__Bacteroidaceae	g__Bacteroides	s__Bacteroides uniformis
Sg_M12_6	d__Bacteria	p__Bacillota_A	c__Clostridia	o__Lachnospirales	f__Lachnospiraceae	g__Blautia_A	s__Blautia_A massiliensis
Sg_M15_10	d__Bacteria	p__Bacillota_A	c__Clostridia	o__Oscillospirales	f__Oscillospiraceae	g__Dysosmobacter	s__Dysosmobacter sp001916835
Sg_M15_29	d__Bacteria	p__Bacteroidota	c__Bacteroidia	o__Bacteroidales	f__Bacteroidaceae	g__Phocaeicola	s__Phocaeicola plebeius
Sg_M17_3	d__Bacteria	p__Bacillota_A	c__Clostridia	o__Oscillospirales	f__Oscillospiraceae	g__Vescimonas	s__Vescimonas sp000435555
Sg_M17_33	d__Bacteria	p__Bacillota_A	c__Clostridia	o__Oscillospirales	f__Oscillospiraceae	g__CAG-103	s__CAG-103 sp900543625
Sg_OA11r1_10	d__Bacteria	p__Bacteroidota	c__Bacteroidia	o__Bacteroidales	f__Bacteroidaceae	g__Prevotella	s__Prevotella sp900548535
Sg_OA11r1_12	d__Bacteria	p__Bacteroidota	c__Bacteroidia	o__Bacteroidales	f__Bacteroidaceae	g__Prevotella	s__Prevotella hominis
Sg_OA11r1_9	d__Bacteria	p__Bacillota_A	c__Clostridia	o__Lachnospirales	f__Lachnospiraceae	g__Mediterraneibacter	s__Mediterraneibacter lactaris
Sg_OA7r2_4	d__Bacteria	p__Bacteroidota	c__Bacteroidia	o__Bacteroidales	f__UBA932	g__Cryptobacteroides	s__Cryptobacteroides sp000431015
Sg_OB03r2_1	d__Bacteria	p__Actinomycetota	c__Actinomycetia	o__Actinomycetales	f__Bifidobacteriaceae	g__Bifidobacterium	s__Bifidobacterium pseudocatenulatum
Sg_OB03r2_39	d__Bacteria	p__Bacillota_A	c__Clostridia	o__Lachnospirales	f__Lachnospiraceae	g__Blautia_A	s__Blautia_A sp905209435
Sg_OB03r2_6	d__Bacteria	p__Bacillota_C	c__Negativicutes	o__Selenomonadales	f__Selenomonadaceae	g__Megamonas	s__Megamonas funiformis
Sg_OB05r2_32	d__Bacteria	p__Actinomycetota	c__Coriobacteriia	o__Coriobacteriales	f__Eggerthellaceae	g__Eggerthella	s__Eggerthella lenta
Sg_OB05r2_38	d__Bacteria	p__Bacillota_A	c__Clostridia	o__Lachnospirales	f__Lachnospiraceae	g__Dorea_A	s__Dorea_A longicatena_B
Sg_OB05r2_8	d__Bacteria	p__Actinomycetota	c__Coriobacteriia	o__Coriobacteriales	f__Coriobacteriaceae	g__Collinsella	s__
Sg_OB24r1_18	d__Bacteria	p__Bacillota_A	c__Clostridia	o__Lachnospirales	f__Lachnospiraceae	g__Mediterraneibacter	s__Mediterraneibacter faecis
Sg_OG24B2A_25	d__Bacteria	p__Bacillota_A	c__Clostridia	o__Oscillospirales	f__Ruminococcaceae	g__Faecalibacterium	s__Faecalibacterium prausnitzii_D
Sg_OG24B2A_8	d__Bacteria	p__Bacteroidota	c__Bacteroidia	o__Bacteroidales	f__Tannerellaceae	g__Parabacteroides	s__Parabacteroides johnsonii
Sg_OM21r1_55	d__Bacteria	p__Bacillota_A	c__Clostridia	o__Oscillospirales	f__Oscillospiraceae	g__Vescimonas	s__Vescimonas sp900545495
Sg_P15_12	d__Bacteria	p__Bacillota	c__Bacilli	o__Lactobacillales	f__Streptococcaceae	g__Streptococcus	s__Streptococcus pasteurianus
Sg_P15_2	d__Bacteria	p__Bacillota_A	c__Clostridia	o__Oscillospirales	f__Ruminococcaceae	g__Gemmiger	s__Gemmiger formicilis
Sg_P15_21	d__Bacteria	p__Bacillota_A	c__Clostridia	o__Oscillospirales	f__Ruminococcaceae	g__Faecalibacterium	s__Faecalibacterium sp900539945
Sg_P22_10	d__Bacteria	p__Pseudomonadota	c__Gammaproteobacteria	o__Enterobacterales	f__Enterobacteriaceae	g__Kluyvera	s__Kluyvera georgiana
Sg_P22_13	d__Bacteria	p__Actinomycetota	c__Actinomycetia	o__Actinomycetales	f__Bifidobacteriaceae	g__Bifidobacterium	s__Bifidobacterium dentium
Sg_P23_1	d__Bacteria	p__Actinomycetota	c__Coriobacteriia	o__Coriobacteriales	f__Coriobacteriaceae	g__Collinsella	s__
Sg_P27_36	d__Bacteria	p__Bacillota	c__Bacilli	o__Erysipelotrichales	f__Coprobacillaceae	g__Faecalibacillus	s__Faecalibacillus intestinalis
Sg_P27_4	d__Bacteria	p__Bacteroidota	c__Bacteroidia	o__Bacteroidales	f__Bacteroidaceae	g__Phocaeicola	s__Phocaeicola coprocola
Sg_P30_9	d__Bacteria	p__Bacillota_A	c__Clostridia	o__Peptostreptococcales	f__Anaerovoracaceae	g__Gallibacter	s__Gallibacter intestinalis
Sg_X05_12	d__Bacteria	p__Bacillota_A	c__Clostridia	o__Oscillospirales	f__Acutalibacteraceae	g__UBA1417	s__UBA1417 sp003531055
Sg_X05_3	d__Bacteria	p__Bacteroidota	c__Bacteroidia	o__Bacteroidales	f__Bacteroidaceae	g__Prevotella	s__Prevotella copri_B
Sg_Y07_14	d__Bacteria	p__Bacillota_A	c__Clostridia	o__Lachnospirales	f__Lachnospiraceae	g__Choladousia	s__Choladousia sp902363135
Sg_Y19_10	d__Bacteria	p__Pseudomonadota	c__Gammaproteobacteria	o__Enterobacterales	f__Enterobacteriaceae	g__Citrobacter	s__Citrobacter portucalensis
Sg_Y19_13	d__Bacteria	p__Bacillota_A	c__Clostridia	o__Lachnospirales	f__Lachnospiraceae	g__Enterocloster	s__Enterocloster bolteae
Sg_YA03_20	d__Bacteria	p__Actinomycetota	c__Coriobacteriia	o__Coriobacteriales	f__Coriobacteriaceae	g__Collinsella	s__
Sg_YA04_9	d__Bacteria	p__Bacillota_A	c__Clostridia	o__Lachnospirales	f__Lachnospiraceae	g__Blautia_A	s__Blautia_A sp900120195
Sg_YA12_28	d__Bacteria	p__Bacillota_A	c__Clostridia	o__Lachnospirales	f__Anaerotignaceae	g__Anaerotignum	s__
Sg_YA12_4	d__Bacteria	p__Bacillota_A	c__Clostridia	o__Peptostreptococcales	f__Peptostreptococcaceae	g__Romboutsia	s__Romboutsia timonensis
Sg_YA13_10	d__Bacteria	p__Bacillota_A	c__Clostridia	o__Oscillospirales	f__Acutalibacteraceae	g__Ruminococcus_E	s__Ruminococcus_E sp905215855
Sg_YA31_31	d__Bacteria	p__Bacteroidota	c__Bacteroidia	o__Bacteroidales	f__Bacteroidaceae	g__Prevotella	s__Prevotella sp900546535
Sg_YB34_1	d__Bacteria	p__Bacillota_A	c__Clostridia	o__Lachnospirales	f__Lachnospiraceae	g__Eubacterium_I	s__Eubacterium_I ramulus_A
Sg_YB35_19	d__Bacteria	p__Bacillota_A	c__Clostridia	o__Lachnospirales	f__Lachnospiraceae	g__Blautia_A	s__Blautia_A sp900066145
Sg_YB35_7	d__Bacteria	p__Actinomycetota	c__Coriobacteriia	o__Coriobacteriales	f__Coriobacteriaceae	g__Collinsella	s__
Sg_YB36_42	d__Bacteria	p__Bacillota_A	c__Clostridia	o__Lachnospirales	f__Lachnospiraceae	g__Blautia_A	s__
Sg_YB37_28	d__Bacteria	p__Bacillota_A	c__Clostridia	o__Lachnospirales	f__Lachnospiraceae	g__Oliverpabstia	s__Oliverpabstia intestinalis
Sg_YB37_7	d__Bacteria	p__Pseudomonadota	c__Gammaproteobacteria	o__Pseudomonadales	f__Moraxellaceae	g__Acinetobacter	s__Acinetobacter nosocomialis
Sg_YB38_12	d__Bacteria	p__Bacillota_A	c__Clostridia	o__Lachnospirales	f__Lachnospiraceae	g__Blautia_A	s__Blautia_A caecimuris
Sg_YB38_21	d__Bacteria	p__Actinomycetota	c__Coriobacteriia	o__Coriobacteriales	f__Coriobacteriaceae	g__Collinsella	s__Collinsella intestinalis
Sg_YB38_6	d__Bacteria	p__Bacillota_A	c__Clostridia	o__UBA1381	f__UBA1381	g__CAG-41	s__CAG-41 sp900066215
Sg_YB39_24	d__Bacteria	p__Actinomycetota	c__Coriobacteriia	o__Coriobacteriales	f__Coriobacteriaceae	g__Collinsella	s__Collinsella sp003469185
Sg_YB41_11	d__Bacteria	p__Bacillota_A	c__Clostridia	o__Lachnospirales	f__Lachnospiraceae	g__Oliverpabstia	s__Oliverpabstia faecicola
Sg_YB41_12	d__Bacteria	p__Actinomycetota	c__Actinomycetia	o__Actinomycetales	f__Bifidobacteriaceae	g__Bifidobacterium	s__Bifidobacterium longum
Sg_YB46_3	d__Bacteria	p__Bacteroidota	c__Bacteroidia	o__Bacteroidales	f__Bacteroidaceae	g__Bacteroides	s__Bacteroides zhangwenhongii
Sg_YB50_23	d__Bacteria	p__Bacteroidota	c__Bacteroidia	o__Bacteroidales	f__Bacteroidaceae	g__Prevotella	s__Prevotella sp002265625
Sg_YB59_31	d__Bacteria	p__Actinomycetota	c__Coriobacteriia	o__Coriobacteriales	f__Coriobacteriaceae	g__Collinsella	s__Collinsella sp002391315
Sg_Z02_43	d__Bacteria	p__Bacteroidota	c__Bacteroidia	o__Bacteroidales	f__Bacteroidaceae	g__Bacteroides	s__Bacteroides caccae
Sg_Z03_24	d__Bacteria	p__Bacteroidota	c__Bacteroidia	o__Bacteroidales	f__Rikenellaceae	g__Alistipes	s__Alistipes shahii
Sg_Z06_28	d__Bacteria	p__Bacteroidota	c__Bacteroidia	o__Bacteroidales	f__Bacteroidaceae	g__Bacteroides	s__Bacteroides stercoris
Sg_Z07_36	d__Bacteria	p__Bacillota_A	c__Clostridia	o__Oscillospirales	f__Acutalibacteraceae	g__CAG-177	s__CAG-177 sp003514385
Sg_Z07_42	d__Bacteria	p__Bacillota_A	c__Clostridia	o__Lachnospirales	f__Lachnospiraceae	g__Blautia_A	s__Blautia_A sp000285855
Sg_Z09_20	d__Bacteria	p__Bacillota_A	c__Clostridia	o__Lachnospirales	f__Lachnospiraceae	g__COE1	s__COE1 sp001916965
Sg_Z10_1	d__Bacteria	p__Bacillota_A	c__Clostridia	o__Lachnospirales	f__Lachnospiraceae	g__Butyribacter	s__Butyribacter sp003529475
Sg_Z12_45	d__Bacteria	p__Bacillota_A	c__Clostridia	o__Lachnospirales	f__Lachnospiraceae	g__Dorea	s__
Sg_Z14_36	d__Bacteria	p__Bacteroidota	c__Bacteroidia	o__Bacteroidales	f__UBA932	g__Cryptobacteroides	s__Cryptobacteroides sp000435075
Sg_Z14_45	d__Bacteria	p__Actinomycetota	c__Coriobacteriia	o__Coriobacteriales	f__Coriobacteriaceae	g__Collinsella	s__
Sg_Z14_58	d__Bacteria	p__Bacillota_A	c__Clostridia	o__Oscillospirales	f__Ruminococcaceae	g__Faecalibacterium	s__Faecalibacterium prausnitzii_E
Sg_Z15_39	d__Bacteria	p__Bacteroidota	c__Bacteroidia	o__Bacteroidales	f__Bacteroidaceae	g__Bacteroides	s__Bacteroides intestinalis
Sg_Z15_51	d__Bacteria	p__Bacillota_A	c__Clostridia	o__Lachnospirales	f__Lachnospiraceae	g__Faecalimonas	s__Faecalimonas umbilicata
Sg_Z17_26	d__Bacteria	p__Bacteroidota	c__Bacteroidia	o__Bacteroidales	f__Rikenellaceae	g__Alistipes	s__Alistipes communis
Gp_MJ2_113	d__Bacteria	p__Bacteroidota	c__Bacteroidia	o__Bacteroidales	f__Bacteroidaceae	g__Bacteroides	s__Bacteroides clarus
Gp_MJ1_12	d__Bacteria	p__Bacillota_A	c__Clostridia	o__Lachnospirales	f__Lachnospiraceae	g__Dorea_A	s__Dorea_A longicatena
Gp_YAB_339	d__Bacteria	p__Pseudomonadota	c__Gammaproteobacteria	o__Enterobacterales	f__Enterobacteriaceae	g__Citrobacter	s__Citrobacter freundii
Gp_MJ4_65	d__Bacteria	p__Bacillota	c__Bacilli	o__Lactobacillales	f__Enterococcaceae	g__Enterococcus_A	s__Enterococcus_A avium
Gp_YAB_333	d__Bacteria	p__Bacteroidota	c__Bacteroidia	o__Bacteroidales	f__Bacteroidaceae	g__Prevotella	s__Prevotella sp000436915
Gp_MJ1_272	d__Bacteria	p__Bacillota	c__Bacilli	o__Erysipelotrichales	f__Erysipelotrichaceae	g__Longicatena	s__Longicatena caecimuris
Sg_A17_17	d__Bacteria	p__Bacillota_A	c__Clostridia	o__Lachnospirales	f__Lachnospiraceae	g__Ruminococcus_B	s__Ruminococcus_B gnavus
Gp_NH_148	d__Bacteria	p__Bacillota_A	c__Clostridia	o__Lachnospirales	f__Lachnospiraceae	g__Schaedlerella	s__Schaedlerella sp900066545
Gp_meta27_16	d__Bacteria	p__Bacillota_A	c__Clostridia	o__Lachnospirales	f__Lachnospiraceae	g__Bariatricus	s__Bariatricus comes
Gp_MJ1_444	d__Bacteria	p__Bacillota_A	c__Clostridia	o__Lachnospirales	f__Lachnospiraceae	g__Blautia_A	s__Blautia_A sp003477525
Sg_A19_12	d__Bacteria	p__Bacillota_A	c__Clostridia	o__Lachnospirales	f__Lachnospiraceae	g__Mediterraneibacter	s__Mediterraneibacter torques
Sg_A19_51	d__Bacteria	p__Bacillota_A	c__Clostridia	o__Lachnospirales	f__Lachnospiraceae	g__Enterocloster	s__Enterocloster citroniae
Sg_B07_12	d__Bacteria	p__Bacteroidota	c__Bacteroidia	o__Bacteroidales	f__UBA932	g__Cryptobacteroides	s__Cryptobacteroides sp900544195
Gp_MJ3_423	d__Bacteria	p__Bacillota_A	c__Clostridia	o__Peptostreptococcales	f__Peptostreptococcaceae	g__Terrisporobacter	s__Terrisporobacter sp900557165
Sg_A33_4	d__Bacteria	p__Bacillota_A	c__Clostridia	o__Clostridiales	f__Clostridiaceae	g__Sarcina	s__Sarcina perfringens
Sg_C02_30	d__Bacteria	p__Bacillota_A	c__Clostridia	o__Oscillospirales	f__Ruminococcaceae	g__Faecalibacterium	s__Faecalibacterium prausnitzii_J
Sg_C14_34	d__Bacteria	p__Bacillota_A	c__Clostridia	o__Oscillospirales	f__Ruminococcaceae	g__Gemmiger	s__Gemmiger qucibialis
Sg_A11_10	d__Bacteria	p__Bacillota_A	c__Clostridia	o__Lachnospirales	f__Lachnospiraceae	g__Hominisplanchenecus	s__Hominisplanchenecus faecis
Sg_A19_36	d__Bacteria	p__Bacillota	c__Bacilli	o__Lactobacillales	f__Enterococcaceae	g__Enterococcus	s__Enterococcus faecalis
Sg_C04_33	d__Bacteria	p__Bacillota_A	c__Clostridia	o__Oscillospirales	f__Oscillospiraceae	g__CAG-103	s__CAG-103 sp000432375
Sg_CM21_15	d__Bacteria	p__Bacillota_C	c__Negativicutes	o__Acidaminococcales	f__Acidaminococcaceae	g__Acidaminococcus	s__Acidaminococcus intestini
Sg_B26_4	d__Bacteria	p__Bacillota_A	c__Clostridia	o__Oscillospirales	f__Oscillospiraceae	g__Faecousia	s__Faecousia sp000434635
Sg_CG50A_22	d__Bacteria	p__Bacillota_A	c__Clostridia	o__Christensenellales	f__CAG-138	g__SFDB01	s__SFDB01 sp004558825
Sg_B19_40	d__Bacteria	p__Actinomycetota	c__Coriobacteriia	o__Coriobacteriales	f__Coriobacteriaceae	g__Collinsella	s__
Sg_CB03_47	d__Bacteria	p__Actinomycetota	c__Coriobacteriia	o__Coriobacteriales	f__Coriobacteriaceae	g__Collinsella	s__
Sg_A34_19	d__Bacteria	p__Bacteroidota	c__Bacteroidia	o__Bacteroidales	f__Bacteroidaceae	g__Phocaeicola	s__Phocaeicola plebeius_A
Sg_CK51A_47	d__Bacteria	p__Bacillota_A	c__Clostridia	o__Lachnospirales	f__Lachnospiraceae	g__CAG-882	s__CAG-882 sp003486385
Sg_EB03_22	d__Bacteria	p__Bacillota	c__Bacilli	o__Erysipelotrichales	f__Erysipelotrichaceae	g__Holdemanella	s__Holdemanella biformis
Gp_meta27_511	d__Bacteria	p__Bacteroidota	c__Bacteroidia	o__Bacteroidales	f__Bacteroidaceae	g__Alloprevotella	s__Alloprevotella sp000438115
Sg_CD23A_20	d__Bacteria	p__Bacillota_A	c__Clostridia	o__Lachnospirales	f__Lachnospiraceae	g__Copromonas	s__Copromonas sp900066785
Sg_A01_16	d__Bacteria	p__Actinomycetota	c__Actinomycetia	o__Actinomycetales	f__Bifidobacteriaceae	g__Bifidobacterium	s__Bifidobacterium adolescentis
Sg_B26_35	d__Bacteria	p__Bacillota_A	c__Clostridia	o__Christensenellales	f__CAG-74	g__Ventricola	s__Ventricola sp900542395
Sg_G11_20	d__Bacteria	p__Bacillota_A	c__Clostridia	o__Christensenellales	f__CAG-74	g__UBA11524	s__UBA11524 sp000437595
Sg_CM33A_9	d__Bacteria	p__Bacillota_A	c__Clostridia	o__Oscillospirales	f__Oscillospiraceae	g__Faecousia	s__Faecousia sp900540635
Sg_M02_8	d__Bacteria	p__Bacillota_A	c__Clostridia	o__Lachnospirales	f__Lachnospiraceae	g__Limivivens	s__Limivivens sp900543575
Sg_G18_1	d__Bacteria	p__Desulfobacterota	c__Desulfovibrionia	o__Desulfovibrionales	f__Desulfovibrionaceae	g__Desulfovibrio	s__Desulfovibrio sp900556755
Sg_CA11_45	d__Bacteria	p__Bacillota_A	c__Clostridia	o__Oscillospirales	f__Acutalibacteraceae	g__Ruminococcus_E	s__Ruminococcus_E bromii_B
Sg_M21_45	d__Bacteria	p__Bacillota_A	c__Clostridia	o__Lachnospirales	f__Lachnospiraceae	g__Agathobacter	s__Agathobacter sp900543445
