node_id	Domain	Phylum	Class	Order	Family	Genus	Species	Abundance
Gp_MJ1_444	d__Bacteria	p__Bacillota_A	c__Clostridia	o__Lachnospirales	f__Lachnospiraceae	g__Blautia_A	s__Blautia_A sp003477525	0.000806553100049451
Gp_MJ3_477	d__Bacteria	p__Bacteroidota	c__Bacteroidia	o__Bacteroidales	f__Bacteroidaceae	g__Bacteroides	s__Bacteroides faecis	0.00103759128555542
Gp_MJ4_197	d__Bacteria	p__Bacillota_A	c__Clostridia	o__Lachnospirales	f__Lachnospiraceae	g__Blautia_A	s__Blautia_A sp000436615	0.00542230015877507
Gp_MJ4_65	d__Bacteria	p__Bacillota	c__Bacilli	o__Lactobacillales	f__Enterococcaceae	g__Enterococcus_A	s__Enterococcus_A avium	0.000224909315276085
Gp_NH_148	d__Bacteria	p__Bacillota_A	c__Clostridia	o__Lachnospirales	f__Lachnospiraceae	g__Schaedlerella	s__Schaedlerella sp900066545	0.000680475706107295
Gp_YAB_333	d__Bacteria	p__Bacteroidota	c__Bacteroidia	o__Bacteroidales	f__Bacteroidaceae	g__Prevotella	s__Prevotella sp000436915	0.000234569285866841
Gp_meta27_16	d__Bacteria	p__Bacillota_A	c__Clostridia	o__Lachnospirales	f__Lachnospiraceae	g__Bariatricus	s__Bariatricus comes	0.0020132172042054
Gp_meta27_511	d__Bacteria	p__Bacteroidota	c__Bacteroidia	o__Bacteroidales	f__Bacteroidaceae	g__Alloprevotella	s__Alloprevotella sp000438115	0.000307781285199198
Sg_A07_40	d__Bacteria	p__Bacillota_A	c__Clostridia	o__Oscillospirales	f__Ruminococcaceae	g__Ruminococcus_D	s__Ruminococcus_D bicirculans	0.000962823735403294
Sg_A11_10	d__Bacteria	p__Bacillota_A	c__Clostridia	o__Lachnospirales	f__Lachnospiraceae	g__Hominisplanchenecus	s__Hominisplanchenecus faecis	0.00260037541663484
Sg_A11_12	d__Bacteria	p__Pseudomonadota	c__Gammaproteobacteria	o__Enterobacterales	f__Enterobacteriaceae	g__Kosakonia	s__	0.000657523553761625
Sg_A11_2	d__Bacteria	p__Pseudomonadota	c__Gammaproteobacteria	o__Enterobacterales	f__Enterobacteriaceae	g__Enterobacter	s__Enterobacter roggenkampii	0.00185006325647409
Sg_A17_17	d__Bacteria	p__Bacillota_A	c__Clostridia	o__Lachnospirales	f__Lachnospiraceae	g__Ruminococcus_B	s__Ruminococcus_B gnavus	0.00662180872916009
Sg_A19_11	d__Bacteria	p__Bacillota	c__Bacilli	o__Lactobacillales	f__Streptococcaceae	g__Streptococcus	s__Streptococcus infantarius	0.000107130784957388
Sg_A19_12	d__Bacteria	p__Bacillota_A	c__Clostridia	o__Lachnospirales	f__Lachnospiraceae	g__Mediterraneibacter	s__Mediterraneibacter torques	0.00212977462713058
Sg_A19_18	d__Bacteria	p__Bacillota_A	c__Clostridia	o__Oscillospirales	f__Oscillospiraceae	g__Faecousia	s__Faecousia sp900546075	0.00107364117580353
Sg_A19_36	d__Bacteria	p__Bacillota	c__Bacilli	o__Lactobacillales	f__Enterococcaceae	g__Enterococcus	s__Enterococcus faecalis	0.000971791485879254
Sg_A19_51	d__Bacteria	p__Bacillota_A	c__Clostridia	o__Lachnospirales	f__Lachnospiraceae	g__Enterocloster	s__Enterocloster citroniae	0.000439054218879378
Sg_A20_2	d__Bacteria	p__Bacteroidota	c__Bacteroidia	o__Bacteroidales	f__Muribaculaceae	g__Limisoma	s__Limisoma sp000437795	0.000784542055949741
Sg_A20_35	d__Bacteria	p__Bacteroidota	c__Bacteroidia	o__Bacteroidales	f__Bacteroidaceae	g__Prevotella	s__Prevotella sp000434975	0.000755538810915176
Sg_A22_19	d__Bacteria	p__Bacillota_A	c__Clostridia	o__Lachnospirales	f__Lachnospiraceae	g__Faecalimonas	s__Faecalimonas phoceensis	0.00118464528230214
Sg_A22_3	d__Bacteria	p__Fusobacteriota	c__Fusobacteriia	o__Fusobacteriales	f__Fusobacteriaceae	g__Fusobacterium_A	s__Fusobacterium_A sp900015295	0.000039394324510612
Sg_A22_8	d__Bacteria	p__Bacillota_A	c__Clostridia	o__Lachnospirales	f__Lachnospiraceae	g__Blautia_A	s__Blautia_A sp003471165	0.0409978640731694
Sg_A24_54	d__Bacteria	p__Bacillota_A	c__Clostridia	o__Lachnospirales	f__Lachnospiraceae	g__Coprococcus	s__Coprococcus eutactus_A	0.00152911423358556
Sg_A27_23	d__Bacteria	p__Bacteroidota	c__Bacteroidia	o__Bacteroidales	f__Bacteroidaceae	g__Prevotella	s__Prevotella stercorea	0.000960708186288411
Sg_A27_31	d__Bacteria	p__Bacillota_A	c__Clostridia	o__Lachnospirales	f__Lachnospiraceae	g__Anaerobutyricum	s__Anaerobutyricum hallii	0.0145482812641215
Sg_A28_8	d__Bacteria	p__Bacteroidota	c__Bacteroidia	o__Bacteroidales	f__Bacteroidaceae	g__Prevotella	s__	0.00689622344927528
Sg_A34_5	d__Bacteria	p__Bacteroidota	c__Bacteroidia	o__Bacteroidales	f__Bacteroidaceae	g__Alloprevotella	s__Alloprevotella sp000437675	0.00110243442147743
Sg_B03_29	d__Bacteria	p__Bacillota_A	c__Clostridia	o__Oscillospirales	f__Oscillospiraceae	g__ER4	s__ER4 sp000765235	0.00158087518711332
Sg_B03_38	d__Bacteria	p__Bacillota_A	c__Clostridia	o__Oscillospirales	f__Ruminococcaceae	g__Ruminococcus_C	s__Ruminococcus_C sp000433635	0.00105391679140888
Sg_B04_2	d__Bacteria	p__Bacillota_A	c__Clostridia	o__Lachnospirales	f__Lachnospiraceae	g__Fusicatenibacter	s__Fusicatenibacter saccharivorans	0.0188132827240059
Sg_B07_12	d__Bacteria	p__Bacteroidota	c__Bacteroidia	o__Bacteroidales	f__UBA932	g__Cryptobacteroides	s__Cryptobacteroides sp900544195	0.00037949217799048
Sg_B07_38	d__Bacteria	p__Bacillota_A	c__Clostridia	o__Lachnospirales	f__Lachnospiraceae	g__Hungatella	s__Hungatella hathewayi	0.000176827239437071
Sg_B07_50	d__Bacteria	p__Bacillota_A	c__Clostridia	o__Oscillospirales	f__Oscillospiraceae	g__CAG-170	s__CAG-170 sp900548625	0.0000341910070184897
Sg_B07_53	d__Bacteria	p__Bacteroidota	c__Bacteroidia	o__Bacteroidales	f__Bacteroidaceae	g__Bacteroides	s__Bacteroides fragilis	0.00207108369470075
Sg_B07_62	d__Bacteria	p__Bacteroidota	c__Bacteroidia	o__Bacteroidales	f__Tannerellaceae	g__Parabacteroides	s__Parabacteroides gordonii	0.000304545739494082
Sg_B08_36	d__Bacteria	p__Bacteroidota	c__Bacteroidia	o__Bacteroidales	f__Bacteroidaceae	g__Bacteroides	s__Bacteroides cellulosilyticus	0.00172994362217164
Sg_B14_1	d__Bacteria	p__Bacillota_A	c__Clostridia	o__Clostridiales	f__Clostridiaceae	g__Clostridium	s__Clostridium saudiense	0.000883109533644309
Sg_B14_13	d__Bacteria	p__Bacteroidota	c__Bacteroidia	o__Bacteroidales	f__Bacteroidaceae	g__Phocaeicola	s__Phocaeicola massiliensis	0.0020372893531413
Sg_B15_22	d__Bacteria	p__Bacillota	c__Bacilli	o__Lactobacillales	f__Streptococcaceae	g__Streptococcus	s__	0.00178243568458469
Sg_B15_23	d__Bacteria	p__Bacteroidota	c__Bacteroidia	o__Bacteroidales	f__Bacteroidaceae	g__Bacteroides	s__Bacteroides xylanisolvens	0.00392848137329004
Sg_B15_25	d__Bacteria	p__Bacillota_A	c__Clostridia	o__Lachnospirales	f__Lachnospiraceae	g__KLE1615	s__KLE1615 sp900066985	0.00144488115669515
Sg_B15_35	d__Bacteria	p__Bacillota_A	c__Clostridia	o__Lachnospirales	f__Lachnospiraceae	g__Blautia	s__Blautia hansenii	0.00103191352506327
Sg_B15_52	d__Bacteria	p__Bacillota	c__Bacilli	o__Erysipelotrichales	f__Coprobacillaceae	g__Thomasclavelia	s__Thomasclavelia ramosa	0.00102489799086612
Sg_B19_17	d__Bacteria	p__Bacillota_A	c__Clostridia	o__Lachnospirales	f__Lachnospiraceae	g__Wujia	s__Wujia chipingensis	0.00126981946743851
Sg_B19_30	d__Bacteria	p__Bacillota_A	c__Clostridia	o__Lachnospirales	f__Lachnospiraceae	g__Agathobacter	s__Agathobacter rectalis	0.0104062305410315
Sg_B19_40	d__Bacteria	p__Actinomycetota	c__Coriobacteriia	o__Coriobacteriales	f__Coriobacteriaceae	g__Collinsella	s__	0.000742619961357007
Sg_B19_58	d__Bacteria	p__Bacillota_A	c__Clostridia	o__Oscillospirales	f__Oscillospiraceae	g__Evtepia	s__Evtepia sp004556345	0.000582343782642262
Sg_B23_42	d__Bacteria	p__Bacillota_A	c__Clostridia	o__Lachnospirales	f__Lachnospiraceae	g__Clostridium_Q	s__Clostridium_Q fessum	0.000615383682054124
Sg_B25_10	d__Bacteria	p__Bacillota_A	c__Clostridia	o__Peptostreptococcales	f__Peptostreptococcaceae	g__Peptacetobacter	s__Peptacetobacter sp900539645	0.000271085841360883
Sg_B25_38	d__Bacteria	p__Pseudomonadota	c__Gammaproteobacteria	o__Enterobacterales	f__Enterobacteriaceae	g__Proteus	s__Proteus mirabilis	0.000502862913506241
Sg_B26_35	d__Bacteria	p__Bacillota_A	c__Clostridia	o__Christensenellales	f__CAG-74	g__Ventricola	s__Ventricola sp900542395	0.000577233798199325
Sg_B26_38	d__Bacteria	p__Bacillota_A	c__Clostridia	o__Lachnospirales	f__Lachnospiraceae	g__Roseburia	s__Roseburia sp900542495	0.000721814469142616
Sg_B27_18	d__Bacteria	p__Bacillota_A	c__Clostridia	o__Clostridiales	f__Clostridiaceae	g__Clostridium	s__Clostridium cuniculi	0.00103949683530963
Sg_B27_6	d__Bacteria	p__Bacillota_A	c__Clostridia	o__Peptostreptococcales	f__Peptostreptococcaceae	g__Intestinibacter	s__Intestinibacter bartlettii	0.00109486666673926
Sg_C02_30	d__Bacteria	p__Bacillota_A	c__Clostridia	o__Oscillospirales	f__Ruminococcaceae	g__Faecalibacterium	s__Faecalibacterium prausnitzii_J	0.00172462363836803
Sg_C03_36	d__Bacteria	p__Pseudomonadota	c__Gammaproteobacteria	o__Enterobacterales	f__Enterobacteriaceae	g__Enterobacter	s__Enterobacter hormaechei_A	0.00120824298823801
Sg_C04_25	d__Bacteria	p__Bacillota_A	c__Clostridia	o__Lachnospirales	f__Lachnospiraceae	g__Coprococcus_A	s__Coprococcus_A catus_A	0.000978877019863295
Sg_C04_33	d__Bacteria	p__Bacillota_A	c__Clostridia	o__Oscillospirales	f__Oscillospiraceae	g__CAG-103	s__CAG-103 sp000432375	0.000840557440969569
Sg_C14_34	d__Bacteria	p__Bacillota_A	c__Clostridia	o__Oscillospirales	f__Ruminococcaceae	g__Gemmiger	s__Gemmiger qucibialis	0.00554554645022525
Sg_CA11_3	d__Bacteria	p__Bacillota_A	c__Clostridia	o__Oscillospirales	f__Ruminococcaceae	g__Faecalibacterium	s__Faecalibacterium duncaniae	0.0075664558532344
Sg_CA11_52	d__Bacteria	p__Bacillota	c__Bacilli	o__Lactobacillales	f__Streptococcaceae	g__Streptococcus	s__Streptococcus sp001556435	0.0086744435911384
Sg_CA13_9	d__Bacteria	p__Bacillota_A	c__Clostridia	o__Oscillospirales	f__Ruminococcaceae	g__Gemmiger	s__Gemmiger sp900540775	0.000900819479727362
Sg_CA25_14	d__Bacteria	p__Bacillota_A	c__Clostridia	o__Oscillospirales	f__Acutalibacteraceae	g__CAG-177	s__CAG-177 sp003538135	0.000285319131361756
Sg_CA25_21	d__Bacteria	p__Bacteroidota	c__Bacteroidia	o__Bacteroidales	f__Tannerellaceae	g__Parabacteroides	s__Parabacteroides goldsteinii	0.000677706825648109
Sg_CA40A_55	d__Bacteria	p__Bacillota_A	c__Clostridia	o__Christensenellales	f__CAG-138	g__SFEL01	s__SFEL01 sp004557245	0.0000648742469384038
Sg_CA9_20	d__Bacteria	p__Bacillota_A	c__Clostridia	o__Lachnospirales	f__Lachnospiraceae	g__Anaerobutyricum	s__Anaerobutyricum soehngenii	0.0116018191233507
Sg_CB03_1	d__Bacteria	p__Actinomycetota	c__Coriobacteriia	o__Coriobacteriales	f__Eggerthellaceae	g__Raoultibacter	s__Raoultibacter timonensis	0.000450199740503012
Sg_CB03_2	d__Bacteria	p__Bacillota_A	c__Clostridia	o__Lachnospirales	f__Lachnospiraceae	g__Eisenbergiella	s__Eisenbergiella tayi	0.000199787169536839
Sg_CB03_44	d__Bacteria	p__Bacillota	c__Bacilli	o__Lactobacillales	f__Enterococcaceae	g__Enterococcus_D	s__Enterococcus_D gallinarum	0.000187677206404949
Sg_CB03_47	d__Bacteria	p__Actinomycetota	c__Coriobacteriia	o__Coriobacteriales	f__Coriobacteriaceae	g__Collinsella	s__	0.000889051737775821
Sg_CD22A_27	d__Bacteria	p__Bacillota_A	c__Clostridia	o__Christensenellales	f__CAG-138	g__UBA1685	s__UBA1685 sp002320595	0.0000206888259029078
Sg_CD23A_20	d__Bacteria	p__Bacillota_A	c__Clostridia	o__Lachnospirales	f__Lachnospiraceae	g__Copromonas	s__Copromonas sp900066785	0.00141662457605407
Sg_CD23A_32	d__Bacteria	p__Desulfobacterota	c__Desulfovibrionia	o__Desulfovibrionales	f__Desulfovibrionaceae	g__Bilophila	s__Bilophila wadsworthia	0.00118063973894124
Sg_CD24A_10	d__Bacteria	p__Bacteroidota	c__Bacteroidia	o__Bacteroidales	f__Bacteroidaceae	g__Paraprevotella	s__Paraprevotella clara	0.000260049208294633
Sg_CD25A_53	d__Bacteria	p__Bacteroidota	c__Bacteroidia	o__Bacteroidales	f__UBA932	g__Cryptobacteroides	s__Cryptobacteroides sp000433355	0.000245675918719981
Sg_CD26A_19	d__Bacteria	p__Bacteroidota	c__Bacteroidia	o__Bacteroidales	f__Marinifilaceae	g__Odoribacter	s__Odoribacter splanchnicus	0.000408969866025075
Sg_CD27A_46	d__Bacteria	p__Bacillota_A	c__Clostridia	o__TANB77	f__CAG-508	g__CAG-273	s__CAG-273 sp000437855	0.0000561631623477057
Sg_CD30A_34	d__Bacteria	p__Bacteroidota	c__Bacteroidia	o__Bacteroidales	f__Bacteroidaceae	g__Bacteroides	s__Bacteroides sp900552405	0.000579240458756826
Sg_CE19A_15	d__Bacteria	p__Bacteroidota	c__Bacteroidia	o__Bacteroidales	f__Tannerellaceae	g__Parabacteroides	s__Parabacteroides merdae	0.00177803347576475
Sg_CE19A_24	d__Bacteria	p__Bacillota_A	c__Clostridia	o__Oscillospirales	f__Oscillospiraceae	g__Flavonifractor	s__Flavonifractor plautii	0.000735106650897529
Sg_CE19A_29	d__Bacteria	p__Bacteroidota	c__Bacteroidia	o__Bacteroidales	f__Marinifilaceae	g__Butyricimonas	s__Butyricimonas virosa	0.00028669579383725
Sg_CE19A_36	d__Bacteria	p__Bacillota_A	c__Clostridia	o__Lachnospirales	f__Lachnospiraceae	g__Mediterraneibacter	s__	0.0011273854566265
Sg_CG50A_22	d__Bacteria	p__Bacillota_A	c__Clostridia	o__Christensenellales	f__CAG-138	g__SFDB01	s__SFDB01 sp004558825	0.0002883680109685
Sg_CG50A_49	d__Bacteria	p__Bacteroidota	c__Bacteroidia	o__Bacteroidales	f__Bacteroidaceae	g__Prevotella	s__Prevotella sp900313215	0.00121990961938627
Sg_CG50A_74	d__Bacteria	p__Pseudomonadota	c__Gammaproteobacteria	o__Enterobacterales	f__Enterobacteriaceae	g__Enterobacter	s__Enterobacter roggenkampii	0.000568476047084034
Sg_CK05A_18	d__Bacteria	p__Bacteroidota	c__Bacteroidia	o__Bacteroidales	f__Tannerellaceae	g__Parabacteroides	s__Parabacteroides distasonis	0.00245892140283928
Sg_CK05A_21	d__Bacteria	p__Bacillota_A	c__Clostridia	o__Oscillospirales	f__Acutalibacteraceae	g__Clostridium_A	s__Clostridium_A leptum	0.000469970791422257
Sg_CK05A_46	d__Bacteria	p__Bacillota_A	c__Clostridia	o__Oscillospirales	f__Oscillospiraceae	g__Vescimonas	s__Vescimonas sp900548615	0.000223408208735009
Sg_CK05A_56	d__Bacteria	p__Bacteroidota	c__Bacteroidia	o__Bacteroidales	f__Bacteroidaceae	g__Bacteroides	s__Bacteroides salyersiae	0.000532737266999876
Sg_CK28A_36	d__Bacteria	p__Bacillota_A	c__Clostridia	o__Lachnospirales	f__Lachnospiraceae	g__Hungatella	s__Hungatella effluvii	0.000430125357173913
Sg_CK28A_47	d__Bacteria	p__Pseudomonadota	c__Gammaproteobacteria	o__Burkholderiales	f__Burkholderiaceae_A	g__Sutterella	s__Sutterella wadsworthensis_A	0.000131047378811313
Sg_CK51A_47	d__Bacteria	p__Bacillota_A	c__Clostridia	o__Lachnospirales	f__Lachnospiraceae	g__CAG-882	s__CAG-882 sp003486385	0.000876226221266837
Sg_CK52A_43	d__Bacteria	p__Bacillota_A	c__Clostridia	o__Oscillospirales	f__Oscillospiraceae	g__CAG-170	s__CAG-170 sp002404795	0.000194303852897159
Sg_CK52A_74	d__Bacteria	p__Bacteroidota	c__Bacteroidia	o__Bacteroidales	f__Bacteroidaceae	g__Bacteroides	s__Bacteroides fragilis_A	0.000448768633748826
Sg_CM17_16	d__Bacteria	p__Bacteroidota	c__Bacteroidia	o__Bacteroidales	f__Bacteroidaceae	g__Prevotella	s__Prevotella sp000436035	0.000474240778422519
Sg_CM17_58	d__Bacteria	p__Bacillota_A	c__Clostridia	o__Christensenellales	f__CAG-138	g__PeH17	s__PeH17 sp000435055	0.000164662832026489
Sg_CM17_7	d__Bacteria	p__Bacillota_A	c__Clostridia	o__Oscillospirales	f__Oscillospiraceae	g__CAG-170	s__CAG-170 sp900545925	0.000331814545364606
Sg_CM21_15	d__Bacteria	p__Bacillota_C	c__Negativicutes	o__Acidaminococcales	f__Acidaminococcaceae	g__Acidaminococcus	s__Acidaminococcus intestini	0.000206981592078264
Sg_CM21_57	d__Bacteria	p__Bacteroidota	c__Bacteroidia	o__Bacteroidales	f__Bacteroidaceae	g__Bacteroides	s__Bacteroides thetaiotaomicron	0.00375378523847605
Sg_CM29A_16	d__Bacteria	p__Bacillota_A	c__Clostridia	o__Oscillospirales	f__Oscillospiraceae	g__ER4	s__ER4 sp900317525	0.000245380364064225
Sg_CM30A_3	d__Bacteria	p__Bacillota_A	c__Clostridia	o__Lachnospirales	f__Lachnospiraceae	g__Roseburia	s__Roseburia inulinivorans	0.00433159459047869
Sg_CM31A_43	d__Bacteria	p__Bacillota	c__Bacilli	o__Lactobacillales	f__Streptococcaceae	g__Streptococcus	s__Streptococcus vestibularis	0.00214976345516459
Sg_CM31A_52	d__Bacteria	p__Pseudomonadota	c__Gammaproteobacteria	o__Enterobacterales	f__Enterobacteriaceae	g__Citrobacter_A	s__Citrobacter_A farmeri	0.0005031351348997
Sg_CM32A_26	d__Bacteria	p__Bacillota_A	c__Clostridia	o__Oscillospirales	f__Oscillospiraceae	g__Vescimonas	s__Vescimonas sp000435975	0.00067809571335305
Sg_CM32A_49	d__Bacteria	p__Bacillota	c__Bacilli	o__Erysipelotrichales	f__Erysipelotrichaceae	g__Holdemanella	s__Holdemanella sp003458715	0.00141489013689003
Sg_CM33A_60	d__Bacteria	p__Bacillota_A	c__Clostridia	o__Oscillospirales	f__Oscillospiraceae	g__ER4	s__ER4 sp003522105	0.000160206178927855
Sg_CM33A_9	d__Bacteria	p__Bacillota_A	c__Clostridia	o__Oscillospirales	f__Oscillospiraceae	g__Faecousia	s__Faecousia sp900540635	0.00194047964787307
Sg_CM35A_15	d__Bacteria	p__Bacillota_A	c__Clostridia	o__Oscillospirales	f__Oscillospiraceae	g__Vescimonas	s__Vescimonas sp003539495	0.000302725745034954
Sg_D02_31	d__Bacteria	p__Bacillota_A	c__Clostridia	o__Lachnospirales	f__Lachnospiraceae	g__Acetatifactor	s__Acetatifactor intestinalis	0.000859045162462505
Sg_D02_32	d__Bacteria	p__Bacillota_A	c__Clostridia	o__Lachnospirales	f__Lachnospiraceae	g__CAG-317	s__CAG-317 sp900543415	0.000902087253645472
Sg_D02_44	d__Bacteria	p__Bacillota_A	c__Clostridia	o__Oscillospirales	f__Acutalibacteraceae	g__Fimenecus	s__Fimenecus sp000432435	0.00231462073104355
Sg_D02_9	d__Bacteria	p__Bacillota_A	c__Clostridia	o__Lachnospirales	f__Lachnospiraceae	g__Dorea	s__Dorea formicigenerans	0.00327252114810228
Sg_D03_75	d__Bacteria	p__Bacillota_A	c__Clostridia	o__Lachnospirales	f__Lachnospiraceae	g__CAG-510	s__CAG-510 sp000434615	0.000552072763689586
Sg_D03_78	d__Bacteria	p__Bacillota_A	c__Clostridia	o__Oscillospirales	f__Ruminococcaceae	g__Angelakisella	s__	0.0010163346836033
Sg_D09_14	d__Bacteria	p__Pseudomonadota	c__Gammaproteobacteria	o__Enterobacterales	f__Enterobacteriaceae	g__Enterobacter	s__Enterobacter cloacae_I	0.000995420302831523
Sg_D10_17	d__Bacteria	p__Bacteroidota	c__Bacteroidia	o__Bacteroidales	f__Bacteroidaceae	g__Bacteroides	s__Bacteroides ovatus	0.00728391338008593
Sg_D18_45	d__Bacteria	p__Bacillota_A	c__Clostridia	o__Lachnospirales	f__Lachnospiraceae	g__Anaerostipes	s__Anaerostipes hadrus	0.00795080134978256
Sg_E04_12	d__Bacteria	p__Fusobacteriota	c__Fusobacteriia	o__Fusobacteriales	f__Fusobacteriaceae	g__Fusobacterium_B	s__Fusobacterium_B sp900541465	0.000876755108545558
Sg_E06_10	d__Bacteria	p__Bacillota_A	c__Clostridia	o__Oscillospirales	f__Oscillospiraceae	g__Vescimonas	s__Vescimonas sp900545585	0.000161823951780413
Sg_E06_24	d__Bacteria	p__Actinomycetota	c__Coriobacteriia	o__Coriobacteriales	f__Coriobacteriaceae	g__Collinsella	s__Collinsella sp905215505	0.000842898544953319
Sg_E10_50	d__Bacteria	p__Bacillota_A	c__Clostridia	o__Lachnospirales	f__Lachnospiraceae	g__Blautia_A	s__Blautia_A obeum	0.0141200847899641
Sg_EA47_17	d__Bacteria	p__Pseudomonadota	c__Gammaproteobacteria	o__Enterobacterales	f__Enterobacteriaceae	g__Klebsiella	s__Klebsiella pneumoniae	0.0091046467258533
Sg_EA47_9	d__Bacteria	p__Bacillota	c__Bacilli	o__Erysipelotrichales	f__Coprobacillaceae	g__Faecalibacillus	s__Faecalibacillus faecis	0.00157168965952259
Sg_EA57_9	d__Bacteria	p__Bacillota	c__Bacilli	o__Lactobacillales	f__Streptococcaceae	g__Streptococcus	s__	0.000563560506493569
Sg_EA61_27	d__Bacteria	p__Actinomycetota	c__Coriobacteriia	o__Coriobacteriales	f__Coriobacteriaceae	g__Collinsella	s__	0.000835696344657795
Sg_EB03_22	d__Bacteria	p__Bacillota	c__Bacilli	o__Erysipelotrichales	f__Erysipelotrichaceae	g__Holdemanella	s__Holdemanella biformis	0.00223220764861227
Sg_EB08_12	d__Bacteria	p__Bacillota_A	c__Clostridia	o__Peptostreptococcales	f__Peptostreptococcaceae	g__Peptacetobacter	s__Peptacetobacter hiranonis	0.000151067317861721
Sg_EB09_7	d__Bacteria	p__Pseudomonadota	c__Gammaproteobacteria	o__Enterobacterales	f__Enterobacteriaceae	g__Klebsiella	s__Klebsiella quasipneumoniae	0.00799234233442445
Sg_EB10_11	d__Bacteria	p__Actinomycetota	c__Coriobacteriia	o__Coriobacteriales	f__Coriobacteriaceae	g__Collinsella	s__	0.000714970045535639
Sg_EB13_4	d__Bacteria	p__Bacteroidota	c__Bacteroidia	o__Bacteroidales	f__Bacteroidaceae	g__Phocaeicola	s__	0.00373304196829445
Sg_EB21_10	d__Bacteria	p__Actinomycetota	c__Coriobacteriia	o__Coriobacteriales	f__Coriobacteriaceae	g__Collinsella	s__	0.000643399152318136
Sg_EM03_4	d__Bacteria	p__Bacillota	c__Bacilli	o__RF39	f__UBA660	g__CAG-302	s__CAG-302 sp000431795	0.000315784594166902
Sg_EM03_7	d__Bacteria	p__Bacteroidota	c__Bacteroidia	o__Bacteroidales	f__Rikenellaceae	g__Alistipes_A	s__Alistipes_A pullistercoris	0.000293983549427861
Sg_EM12_46	d__Bacteria	p__Bacteroidota	c__Bacteroidia	o__Bacteroidales	f__Rikenellaceae	g__Alistipes	s__Alistipes avistercoris	0.0000171577255420356
Sg_EM12_61	d__Bacteria	p__Bacillota_A	c__Clostridia	o__Oscillospirales	f__Acutalibacteraceae	g__Ruminococcus_E	s__Ruminococcus_E sp003526955	0.00231224851604341
Sg_EM22_6	d__Bacteria	p__Pseudomonadota	c__Gammaproteobacteria	o__Enterobacterales	f__Enterobacteriaceae	g__Enterobacter	s__Enterobacter kobei	0.00070091564387904
Sg_EM25_40	d__Bacteria	p__Bacillota_A	c__Clostridia	o__Oscillospirales	f__Ruminococcaceae	g__Negativibacillus	s__Negativibacillus sp000435195	0.000591583754511681
Sg_EM30_38	d__Bacteria	p__Bacteroidota	c__Bacteroidia	o__Bacteroidales	f__Bacteroidaceae	g__Prevotella	s__Prevotella copri_A	0.00575392803804131
Sg_EM34_4	d__Bacteria	p__Pseudomonadota	c__Gammaproteobacteria	o__Enterobacterales	f__Enterobacteriaceae	g__Escherichia	s__Escherichia coli	0.0586558858698586
Sg_G06_49	d__Bacteria	p__Bacillota_C	c__Negativicutes	o__Acidaminococcales	f__Acidaminococcaceae	g__Phascolarctobacterium_A	s__Phascolarctobacterium_A succinatutens	0.000364061113858387
Sg_G06_9	d__Bacteria	p__Bacillota_C	c__Negativicutes	o__Acidaminococcales	f__Acidaminococcaceae	g__Phascolarctobacterium	s__Phascolarctobacterium faecium	0.00136867472203474
Sg_G09_4	d__Bacteria	p__Bacteroidota	c__Bacteroidia	o__Bacteroidales	f__Rikenellaceae	g__Alistipes	s__Alistipes onderdonkii	0.00172650585485995
Sg_G10_35	d__Bacteria	p__Bacillota	c__Bacilli	o__Erysipelotrichales	f__Erysipelotrichaceae	g__Holdemanella	s__Holdemanella sp003436425	0.000916794986646374
Sg_G11_20	d__Bacteria	p__Bacillota_A	c__Clostridia	o__Christensenellales	f__CAG-74	g__UBA11524	s__UBA11524 sp000437595	0.000448161968929117
Sg_G18_1	d__Bacteria	p__Desulfobacterota	c__Desulfovibrionia	o__Desulfovibrionales	f__Desulfovibrionaceae	g__Desulfovibrio	s__Desulfovibrio sp900556755	0.000447290860470047
Sg_G18_19	d__Bacteria	p__Bacteroidota	c__Bacteroidia	o__Bacteroidales	f__UBA932	g__Coprenecus	s__Coprenecus sp944326235	0.000983784782699662
Sg_G19_41	d__Bacteria	p__Bacillota_A	c__Clostridia	o__Lachnospirales	f__Lachnospiraceae	g__UBA11774	s__UBA11774 sp003507655	0.00132053042416293
Sg_G21_58	d__Bacteria	p__Bacillota_A	c__Clostridia	o__Oscillospirales	f__Ruminococcaceae	g__Faecalibacterium	s__Faecalibacterium hattorii	0.000458545270651065
Sg_G22_16	d__Bacteria	p__Pseudomonadota	c__Gammaproteobacteria	o__Enterobacterales	f__Enterobacteriaceae	g__Klebsiella	s__Klebsiella aerogenes	0.000594150413364297
Sg_G26_10	d__Bacteria	p__Bacillota_A	c__Clostridia	o__Oscillospirales	f__Oscillospiraceae	g__Faecousia	s__Faecousia sp003525905	0.000566601608346215
Sg_G26_22	d__Bacteria	p__Bacteroidota	c__Bacteroidia	o__Bacteroidales	f__Bacteroidaceae	g__Bacteroides	s__Bacteroides fluxus	0.000153462866124163
Sg_G26_28	d__Bacteria	p__Bacillota_A	c__Clostridia	o__Lachnospirales	f__Anaerotignaceae	g__Anaerotignum	s__Anaerotignum faecicola	0.000630278081153397
Sg_G29_33	d__Bacteria	p__Actinomycetota	c__Coriobacteriia	o__Coriobacteriales	f__Coriobacteriaceae	g__Collinsella	s__Collinsella sp003466125	0.0013448281279677
Sg_G33_7	d__Bacteria	p__Bacillota_A	c__Clostridia	o__Oscillospirales	f__Oscillospiraceae	g__ER4	s__ER4 sp900550165	0.000731591106044855
Sg_G39_28	d__Bacteria	p__Bacteroidota	c__Bacteroidia	o__Bacteroidales	f__Rikenellaceae	g__Alistipes	s__Alistipes putredinis	0.00339075078815871
Sg_G43_29	d__Bacteria	p__Bacteroidota	c__Bacteroidia	o__Bacteroidales	f__Bacteroidaceae	g__Alloprevotella	s__Alloprevotella sp900539625	0.000278848039951523
Sg_G46_28	d__Bacteria	p__Bacillota_A	c__Clostridia	o__Peptostreptococcales	f__Anaerovoracaceae	g__VUNA01	s__VUNA01 sp002299625	0.00116257201616964
Sg_G47_17	d__Bacteria	p__Fusobacteriota	c__Fusobacteriia	o__Fusobacteriales	f__Fusobacteriaceae	g__Fusobacterium_A	s__Fusobacterium_A mortiferum	0.00047724299150467
Sg_H04_45	d__Bacteria	p__Bacillota_A	c__Clostridia	o__Oscillospirales	f__Ruminococcaceae	g__Faecalibacterium	s__Faecalibacterium sp900765705	0.00160791066036088
Sg_I01_33	d__Bacteria	p__Bacteroidota	c__Bacteroidia	o__Bacteroidales	f__Barnesiellaceae	g__Barnesiella	s__Barnesiella intestinihominis	0.000426983144517982
Sg_I05_27	d__Bacteria	p__Bacillota_A	c__Clostridia	o__Oscillospirales	f__Oscillospiraceae	g__CAG-170	s__CAG-170 sp000432135	0.000934862709417974
Sg_I05_65	d__Bacteria	p__Bacillota_A	c__Clostridia	o__Oscillospirales	f__Acutalibacteraceae	g__Eubacterium_R	s__Eubacterium_R sp000434995	0.00119884746128662
Sg_I06_25	d__Bacteria	p__Bacillota_A	c__Clostridia	o__Lachnospirales	f__Lachnospiraceae	g__Enterocloster	s__Enterocloster sp000431375	0.00160017179503254
Sg_I07_11	d__Bacteria	p__Pseudomonadota	c__Gammaproteobacteria	o__Enterobacterales	f__Enterobacteriaceae	g__Escherichia	s__Escherichia ruysiae	0.00746598282578562
Sg_I09_29	d__Bacteria	p__Bacillota_A	c__Clostridia	o__Oscillospirales	f__Ruminococcaceae	g__Faecalibacterium	s__Faecalibacterium longum	0.00476266105589856
Sg_I12_32	d__Bacteria	p__Bacillota_A	c__Clostridia	o__Lachnospirales	f__Lachnospiraceae	g__Enterocloster	s__Enterocloster clostridioformis	0.000746804393062181
Sg_I12_44	d__Bacteria	p__Bacteroidota	c__Bacteroidia	o__Bacteroidales	f__Rikenellaceae	g__Alistipes	s__Alistipes finegoldii	0.00024975923962187
Sg_I12_6	d__Bacteria	p__Actinomycetota	c__Coriobacteriia	o__Coriobacteriales	f__Coriobacteriaceae	g__Collinsella	s__	0.000906629462039193
Sg_K01_3	d__Bacteria	p__Bacillota_A	c__Clostridia	o__Lachnospirales	f__Lachnospiraceae	g__Roseburia	s__Roseburia sp003470905	0.00152619757579849
Sg_K01_5	d__Bacteria	p__Actinomycetota	c__Coriobacteriia	o__Coriobacteriales	f__Coriobacteriaceae	g__Collinsella	s__	0.00069034567605872
Sg_K09_1	d__Bacteria	p__Bacillota_A	c__Clostridia	o__Lachnospirales	f__Lachnospiraceae	g__Blautia_A	s__Blautia_A sp900549015	0.00122244516722249
Sg_K09_61	d__Bacteria	p__Pseudomonadota	c__Gammaproteobacteria	o__Enterobacterales	f__Enterobacteriaceae	g__Kluyvera	s__Kluyvera sichuanensis	0.000500786253161852
Sg_K10_28	d__Bacteria	p__Bacteroidota	c__Bacteroidia	o__Bacteroidales	f__Bacteroidaceae	g__Prevotella	s__Prevotella sp900767615	0.00106104121416341
Sg_K14_18	d__Bacteria	p__Bacillota	c__Bacilli	o__Erysipelotrichales	f__Erysipelotrichaceae	g__Holdemanella	s__Holdemanella sp900556915	0.00315819594060347
Sg_K15_44	d__Bacteria	p__Bacillota_A	c__Clostridia	o__Lachnospirales	f__Lachnospiraceae	g__Blautia_A	s__	0.0108488780823045
Sg_K16_17	d__Bacteria	p__Bacillota_A	c__Clostridia	o__Oscillospirales	f__Ruminococcaceae	g__Ruminococcus_C	s__Ruminococcus_C sp000980705	0.000408005424516819
Sg_K16_50	d__Bacteria	p__Bacillota_A	c__Clostridia	o__Clostridiales	f__Clostridiaceae	g__Clostridium	s__Clostridium sp900540255	0.00166107160962643
Sg_K16_53	d__Bacteria	p__Bacillota_A	c__Clostridia	o__Oscillospirales	f__Ruminococcaceae	g__Gemmiger	s__Gemmiger sp900540595	0.00305062960141655
Sg_K17_22	d__Bacteria	p__Verrucomicrobiota	c__Verrucomicrobiae	o__Verrucomicrobiales	f__Akkermansiaceae	g__Akkermansia	s__Akkermansia intestinavium	0.000131319600204773
Sg_K22_12	d__Bacteria	p__Bacillota	c__Bacilli	o__Lactobacillales	f__Lactobacillaceae	g__Ligilactobacillus	s__Ligilactobacillus salivarius	0.000552212763263365
Sg_K22_14	d__Bacteria	p__Bacillota_A	c__Clostridia	o__Lachnospirales	f__Lachnospiraceae	g__Acetatifactor	s__Acetatifactor sp900066565	0.00245420030610129
Sg_K22_66	d__Bacteria	p__Bacillota_A	c__Clostridia	o__Lachnospirales	f__Lachnospiraceae	g__Lachnoclostridium_B	s__Lachnoclostridium_B sp900066555	0.000821766387066777
Sg_K22_8	d__Bacteria	p__Bacillota_A	c__Clostridia	o__Lachnospirales	f__Lachnospiraceae	g__CAG-317	s__CAG-317 sp000433535	0.000665060197483399
Sg_K31_45	d__Bacteria	p__Actinomycetota	c__Actinomycetia	o__Actinomycetales	f__Bifidobacteriaceae	g__Bifidobacterium	s__Bifidobacterium bifidum	0.00363254560758337
Sg_K32_30	d__Bacteria	p__Pseudomonadota	c__Gammaproteobacteria	o__Burkholderiales	f__Burkholderiaceae_B	g__Comamonas	s__Comamonas kerstersii	0.0000602231499872989
Sg_K34_1	d__Bacteria	p__Bacillota_A	c__Clostridia	o__Christensenellales	f__CAG-138	g__Phil1	s__Phil1 sp001940855	0.000189753866749339
Sg_K36_16	d__Bacteria	p__Bacillota_A	c__Clostridia	o__Lachnospirales	f__Lachnospiraceae	g__Blautia_A	s__Blautia_A wexlerae	0.061356796535975
Sg_K36_17	d__Bacteria	p__Pseudomonadota	c__Gammaproteobacteria	o__Enterobacterales	f__Enterobacteriaceae	g__Klebsiella	s__Klebsiella variicola	0.00170356925802248
Sg_K36_27	d__Bacteria	p__Bacillota_A	c__Clostridia	o__Lachnospirales	f__Lachnospiraceae	g__Blautia_A	s__Blautia_A intestinalis	0.00285668352520793
Sg_K36_29	d__Bacteria	p__Bacillota_A	c__Clostridia	o__Lachnospirales	f__Lachnospiraceae	g__Blautia_A	s__Blautia_A faecis	0.0119807124142755
Sg_K36_3	d__Bacteria	p__Bacteroidota	c__Bacteroidia	o__Bacteroidales	f__Bacteroidaceae	g__Bacteroides	s__Bacteroides eggerthii	0.00118544639097432
Sg_K36_6	d__Bacteria	p__Bacillota	c__Bacilli	o__Erysipelotrichales	f__Erysipelotrichaceae	g__Clostridium_AQ	s__Clostridium_AQ innocuum	0.00165405607542928
Sg_K36_8	d__Bacteria	p__Actinomycetota	c__Coriobacteriia	o__Coriobacteriales	f__Eggerthellaceae	g__Adlercreutzia	s__Adlercreutzia equolifaciens	0.00179236009881481
Sg_K40_29	d__Bacteria	p__Bacillota_A	c__Clostridia	o__Lachnospirales	f__Lachnospiraceae	g__CAG-95	s__CAG-95 sp000438155	0.000355147807661119
Sg_K40_38	d__Bacteria	p__Bacillota_A	c__Clostridia	o__Oscillospirales	f__Ruminococcaceae	g__Ruminiclostridium_E	s__Ruminiclostridium_E siraeum	0.000944460457975939
Sg_K40_4	d__Bacteria	p__Bacillota_A	c__Clostridia	o__Oscillospirales	f__Oscillospiraceae	g__Vescimonas	s__Vescimonas sp001916855	0.000527611727048742
Sg_K40_76	d__Bacteria	p__Bacillota_A	c__Clostridia	o__Lachnospirales	f__Lachnospiraceae	g__RUG115	s__RUG115 sp900066395	0.000603437051758309
Sg_K46_34	d__Bacteria	p__Bacillota_A	c__Clostridia	o__Oscillospirales	f__Ruminococcaceae	g__Faecalibacterium	s__Faecalibacterium prausnitzii	0.00332152877667906
Sg_M01_13	d__Bacteria	p__Bacillota_A	c__Clostridia	o__Oscillospirales	f__Ruminococcaceae	g__Angelakisella	s__Angelakisella sp900547385	0.000348264495283648
Sg_M01_30	d__Bacteria	p__Bacillota_A	c__Clostridia	o__Oscillospirales	f__Oscillospiraceae	g__Vescimonas	s__Vescimonas sp003487665	0.000453987506749146
Sg_M02_37	d__Bacteria	p__Actinomycetota	c__Coriobacteriia	o__Coriobacteriales	f__Coriobacteriaceae	g__Collinsella	s__	0.000910619449891897
Sg_M02_5	d__Bacteria	p__Bacillota_A	c__Clostridia	o__Lachnospirales	f__Lachnospiraceae	g__Blautia	s__Blautia stercoris	0.00230352187594451
Sg_M02_8	d__Bacteria	p__Bacillota_A	c__Clostridia	o__Lachnospirales	f__Lachnospiraceae	g__Limivivens	s__Limivivens sp900543575	0.000982563675306144
Sg_M03_37	d__Bacteria	p__Bacillota	c__Bacilli	o__Lactobacillales	f__Enterococcaceae	g__Enterococcus_B	s__Enterococcus_B hirae	0.00250278015820263
Sg_M03_38	d__Bacteria	p__Bacteroidota	c__Bacteroidia	o__Bacteroidales	f__Bacteroidaceae	g__Alloprevotella	s__Alloprevotella sp900540885	0.000136585139729686
Sg_M07_23	d__Bacteria	p__Bacillota_A	c__Clostridia	o__Lachnospirales	f__Lachnospiraceae	g__Acetatifactor	s__Acetatifactor sp003447295	0.000369038876481643
Sg_M07_27	d__Bacteria	p__Bacillota_A	c__Clostridia	o__Oscillospirales	f__Acutalibacteraceae	g__CAG-177	s__CAG-177 sp000431775	0.000158215073878553
Sg_M07_39	d__Bacteria	p__Bacteroidota	c__Bacteroidia	o__Bacteroidales	f__Rikenellaceae	g__Alistipes_A	s__Alistipes_A ihumii	0.000135644031483726
Sg_M07_4	d__Bacteria	p__Bacteroidota	c__Bacteroidia	o__Bacteroidales	f__Bacteroidaceae	g__UBA6398	s__UBA6398 sp900550635	0.000265726968786784
Sg_M08_36	d__Bacteria	p__Bacillota_A	c__Clostridia	o__Oscillospirales	f__Ruminococcaceae	g__Gemmiger	s__Gemmiger sp900539695	0.0022855474862221
Sg_M11_5	d__Bacteria	p__Pseudomonadota	c__Gammaproteobacteria	o__Enterobacterales	f__Enterobacteriaceae	g__Citrobacter_B	s__Citrobacter_B koseri	0.00134378590891846
Sg_M11_7	d__Bacteria	p__Bacillota_A	c__Clostridia	o__Oscillospirales	f__Oscillospiraceae	g__Scatomorpha	s__Scatomorpha intestinigallinarum	0.0000522976185605835
Sg_M12_17	d__Bacteria	p__Bacillota_A	c__Clostridia	o__Lachnospirales	f__Lachnospiraceae	g__Agathobacter	s__Agathobacter faecis	0.0066886585256396
Sg_M12_21	d__Bacteria	p__Bacteroidota	c__Bacteroidia	o__Bacteroidales	f__Bacteroidaceae	g__Phocaeicola	s__Phocaeicola vulgatus	0.0189042591137
Sg_M12_39	d__Bacteria	p__Bacteroidota	c__Bacteroidia	o__Bacteroidales	f__Bacteroidaceae	g__Bacteroides	s__Bacteroides uniformis	0.0127755133278816
Sg_M12_6	d__Bacteria	p__Bacillota_A	c__Clostridia	o__Lachnospirales	f__Lachnospiraceae	g__Blautia_A	s__Blautia_A massiliensis	0.0174975278408597
Sg_M14_27	d__Bacteria	p__Bacillota_A	c__Clostridia	o__Oscillospirales	f__Butyricicoccaceae	g__Agathobaculum	s__Agathobaculum butyriciproducens	0.00304807849807213
Sg_M14_34	d__Bacteria	p__Bacillota_C	c__Negativicutes	o__Veillonellales	f__Megasphaeraceae	g__Megasphaera	s__Megasphaera sp000417505	0.000305595736297425
Sg_M15_10	d__Bacteria	p__Bacillota_A	c__Clostridia	o__Oscillospirales	f__Oscillospiraceae	g__Dysosmobacter	s__Dysosmobacter sp001916835	0.00038230772497426
Sg_M15_29	d__Bacteria	p__Bacteroidota	c__Bacteroidia	o__Bacteroidales	f__Bacteroidaceae	g__Phocaeicola	s__Phocaeicola plebeius	0.000601803723397553
Sg_M17_3	d__Bacteria	p__Bacillota_A	c__Clostridia	o__Oscillospirales	f__Oscillospiraceae	g__Vescimonas	s__Vescimonas sp000435555	0.000894099500185966
Sg_M17_33	d__Bacteria	p__Bacillota_A	c__Clostridia	o__Oscillospirales	f__Oscillospiraceae	g__CAG-103	s__CAG-103 sp900543625	0.00020640603827495
Sg_M21_45	d__Bacteria	p__Bacillota_A	c__Clostridia	o__Lachnospirales	f__Lachnospiraceae	g__Agathobacter	s__Agathobacter sp900543445	0.000598140401217001
Sg_OA11r1_10	d__Bacteria	p__Bacteroidota	c__Bacteroidia	o__Bacteroidales	f__Bacteroidaceae	g__Prevotella	s__Prevotella sp900548535	0.00144658448484279
Sg_OA11r1_12	d__Bacteria	p__Bacteroidota	c__Bacteroidia	o__Bacteroidales	f__Bacteroidaceae	g__Prevotella	s__Prevotella hominis	0.00100473805224193
Sg_OA11r1_9	d__Bacteria	p__Bacillota_A	c__Clostridia	o__Lachnospirales	f__Lachnospiraceae	g__Mediterraneibacter	s__Mediterraneibacter lactaris	0.00186218099736007
Sg_OA13r1_14	d__Bacteria	p__Bacillota_A	c__Clostridia	o__Oscillospirales	f__Ruminococcaceae	g__Ruminococcus_C	s__Ruminococcus_C callidus	0.00101710468125908
Sg_OA13r1_52	d__Bacteria	p__Bacillota_A	c__Clostridia	o__Lachnospirales	f__Lachnospiraceae	g__Coprococcus	s__Coprococcus sp000154245	0.000621582552070897
Sg_OA7r2_37	d__Bacteria	p__Bacillota_A	c__Clostridia	o__Lachnospirales	f__Lachnospiraceae	g__Lachnospira	s__Lachnospira rogosae	0.000460474153667577
Sg_OA7r2_38	d__Bacteria	p__Bacillota_A	c__Clostridia	o__TANB77	f__CAG-508	g__CAG-492	s__CAG-492 sp000434015	0.00135605920488642
Sg_OA7r2_4	d__Bacteria	p__Bacteroidota	c__Bacteroidia	o__Bacteroidales	f__UBA932	g__Cryptobacteroides	s__Cryptobacteroides sp000431015	0.000681214592746684
Sg_OB03r2_1	d__Bacteria	p__Actinomycetota	c__Actinomycetia	o__Actinomycetales	f__Bifidobacteriaceae	g__Bifidobacterium	s__Bifidobacterium pseudocatenulatum	0.016212269531535
Sg_OB03r2_39	d__Bacteria	p__Bacillota_A	c__Clostridia	o__Lachnospirales	f__Lachnospiraceae	g__Blautia_A	s__Blautia_A sp905209435	0.00334830758404136
Sg_OB03r2_6	d__Bacteria	p__Bacillota_C	c__Negativicutes	o__Selenomonadales	f__Selenomonadaceae	g__Megamonas	s__Megamonas funiformis	0.00831788800998539
Sg_OB05r2_32	d__Bacteria	p__Actinomycetota	c__Coriobacteriia	o__Coriobacteriales	f__Eggerthellaceae	g__Eggerthella	s__Eggerthella lenta	0.0020145860889268
Sg_OB05r2_38	d__Bacteria	p__Bacillota_A	c__Clostridia	o__Lachnospirales	f__Lachnospiraceae	g__Dorea_A	s__Dorea_A longicatena_B	0.00851793184540749
Sg_OB05r2_8	d__Bacteria	p__Actinomycetota	c__Coriobacteriia	o__Coriobacteriales	f__Coriobacteriaceae	g__Collinsella	s__	0.000693293444862179
Sg_OB24r1_18	d__Bacteria	p__Bacillota_A	c__Clostridia	o__Lachnospirales	f__Lachnospiraceae	g__Mediterraneibacter	s__Mediterraneibacter faecis	0.0205379530288986
Sg_OG24B2A_25	d__Bacteria	p__Bacillota_A	c__Clostridia	o__Oscillospirales	f__Ruminococcaceae	g__Faecalibacterium	s__Faecalibacterium prausnitzii_D	0.0059446774573153
Sg_OG24B2A_8	d__Bacteria	p__Bacteroidota	c__Bacteroidia	o__Bacteroidales	f__Tannerellaceae	g__Parabacteroides	s__Parabacteroides johnsonii	0.000232865957719195
Sg_OM21r1_55	d__Bacteria	p__Bacillota_A	c__Clostridia	o__Oscillospirales	f__Oscillospiraceae	g__Vescimonas	s__Vescimonas sp900545495	0.000106493009121283
Sg_P15_12	d__Bacteria	p__Bacillota	c__Bacilli	o__Lactobacillales	f__Streptococcaceae	g__Streptococcus	s__Streptococcus pasteurianus	0.00138645466790468
Sg_P15_15	d__Bacteria	p__Bacillota_A	c__Clostridia	o__Lachnospirales	f__Lachnospiraceae	g__Roseburia	s__Roseburia intestinalis	0.0013742902604941
Sg_P15_2	d__Bacteria	p__Bacillota_A	c__Clostridia	o__Oscillospirales	f__Ruminococcaceae	g__Gemmiger	s__Gemmiger formicilis	0.00914650659841324
Sg_P15_21	d__Bacteria	p__Bacillota_A	c__Clostridia	o__Oscillospirales	f__Ruminococcaceae	g__Faecalibacterium	s__Faecalibacterium sp900539945	0.0055873674340147
Sg_P22_10	d__Bacteria	p__Pseudomonadota	c__Gammaproteobacteria	o__Enterobacterales	f__Enterobacteriaceae	g__Kluyvera	s__Kluyvera georgiana	0.000340105631233967
Sg_P22_13	d__Bacteria	p__Actinomycetota	c__Actinomycetia	o__Actinomycetales	f__Bifidobacteriaceae	g__Bifidobacterium	s__Bifidobacterium dentium	0.000830205250264016
Sg_P23_1	d__Bacteria	p__Actinomycetota	c__Coriobacteriia	o__Coriobacteriales	f__Coriobacteriaceae	g__Collinsella	s__	0.000678383490254707
Sg_P27_36	d__Bacteria	p__Bacillota	c__Bacilli	o__Erysipelotrichales	f__Coprobacillaceae	g__Faecalibacillus	s__Faecalibacillus intestinalis	0.0057251970144002
Sg_P27_38	d__Bacteria	p__Bacillota_A	c__Clostridia	o__Oscillospirales	f__Ruminococcaceae	g__Negativibacillus	s__Negativibacillus massiliensis	0.000163612835223146
Sg_P27_4	d__Bacteria	p__Bacteroidota	c__Bacteroidia	o__Bacteroidales	f__Bacteroidaceae	g__Phocaeicola	s__Phocaeicola coprocola	0.000559694962706447
Sg_P30_9	d__Bacteria	p__Bacillota_A	c__Clostridia	o__Peptostreptococcales	f__Anaerovoracaceae	g__Gallibacter	s__Gallibacter intestinalis	0.00213486905606532
Sg_X05_12	d__Bacteria	p__Bacillota_A	c__Clostridia	o__Oscillospirales	f__Acutalibacteraceae	g__UBA1417	s__UBA1417 sp003531055	0.00169490483995638
Sg_X05_3	d__Bacteria	p__Bacteroidota	c__Bacteroidia	o__Bacteroidales	f__Bacteroidaceae	g__Prevotella	s__Prevotella copri_B	0.00838228781392377
Sg_Y07_14	d__Bacteria	p__Bacillota_A	c__Clostridia	o__Lachnospirales	f__Lachnospiraceae	g__Choladousia	s__Choladousia sp902363135	0.00105832677798292
Sg_Y07_23	d__Bacteria	p__Bacillota_A	c__Clostridia	o__Oscillospirales	f__Acutalibacteraceae	g__CAG-217	s__CAG-217 sp000436335	0.0040184310994431
Sg_Y19_10	d__Bacteria	p__Pseudomonadota	c__Gammaproteobacteria	o__Enterobacterales	f__Enterobacteriaceae	g__Citrobacter	s__Citrobacter portucalensis	0.00172793696161414
Sg_Y19_13	d__Bacteria	p__Bacillota_A	c__Clostridia	o__Lachnospirales	f__Lachnospiraceae	g__Enterocloster	s__Enterocloster bolteae	0.000396043238712807
Sg_YA03_20	d__Bacteria	p__Actinomycetota	c__Coriobacteriia	o__Coriobacteriales	f__Coriobacteriaceae	g__Collinsella	s__	0.00186508987739304
Sg_YA04_9	d__Bacteria	p__Bacillota_A	c__Clostridia	o__Lachnospirales	f__Lachnospiraceae	g__Blautia_A	s__Blautia_A sp900120195	0.00109688110505086
Sg_YA12_28	d__Bacteria	p__Bacillota_A	c__Clostridia	o__Lachnospirales	f__Anaerotignaceae	g__Anaerotignum	s__	0.00211909577075288
Sg_YA12_4	d__Bacteria	p__Bacillota_A	c__Clostridia	o__Peptostreptococcales	f__Peptostreptococcaceae	g__Romboutsia	s__Romboutsia timonensis	0.00432245572941256
Sg_YA13_10	d__Bacteria	p__Bacillota_A	c__Clostridia	o__Oscillospirales	f__Acutalibacteraceae	g__Ruminococcus_E	s__Ruminococcus_E sp905215855	0.00267784184745926
Sg_YA31_31	d__Bacteria	p__Bacteroidota	c__Bacteroidia	o__Bacteroidales	f__Bacteroidaceae	g__Prevotella	s__Prevotella sp900546535	0.0030014197512332
Sg_YB34_1	d__Bacteria	p__Bacillota_A	c__Clostridia	o__Lachnospirales	f__Lachnospiraceae	g__Eubacterium_I	s__Eubacterium_I ramulus_A	0.00140453016843038
Sg_YB35_19	d__Bacteria	p__Bacillota_A	c__Clostridia	o__Lachnospirales	f__Lachnospiraceae	g__Blautia_A	s__Blautia_A sp900066145	0.00145397335123669
Sg_YB35_41	d__Bacteria	p__Bacillota_A	c__Clostridia	o__Lachnospirales	f__Lachnospiraceae	g__Lachnospira	s__Lachnospira sp003451515	0.00132692373803218
Sg_YB35_7	d__Bacteria	p__Actinomycetota	c__Coriobacteriia	o__Coriobacteriales	f__Coriobacteriaceae	g__Collinsella	s__	0.00147180774138532
Sg_YB36_42	d__Bacteria	p__Bacillota_A	c__Clostridia	o__Lachnospirales	f__Lachnospiraceae	g__Blautia_A	s__	0.0146693031178994
Sg_YB37_28	d__Bacteria	p__Bacillota_A	c__Clostridia	o__Lachnospirales	f__Lachnospiraceae	g__Oliverpabstia	s__Oliverpabstia intestinalis	0.00317053145860423
Sg_YB37_7	d__Bacteria	p__Pseudomonadota	c__Gammaproteobacteria	o__Pseudomonadales	f__Moraxellaceae	g__Acinetobacter	s__Acinetobacter nosocomialis	0.00119904968289319
Sg_YB38_12	d__Bacteria	p__Bacillota_A	c__Clostridia	o__Lachnospirales	f__Lachnospiraceae	g__Blautia_A	s__Blautia_A caecimuris	0.00331602990453118
Sg_YB38_21	d__Bacteria	p__Actinomycetota	c__Coriobacteriia	o__Coriobacteriales	f__Coriobacteriaceae	g__Collinsella	s__Collinsella intestinalis	0.0023437561978978
Sg_YB38_6	d__Bacteria	p__Bacillota_A	c__Clostridia	o__UBA1381	f__UBA1381	g__CAG-41	s__CAG-41 sp900066215	0.00281681475769729
Sg_YB39_24	d__Bacteria	p__Actinomycetota	c__Coriobacteriia	o__Coriobacteriales	f__Coriobacteriaceae	g__Collinsella	s__Collinsella sp003469185	0.00422126714858668
Sg_YB41_11	d__Bacteria	p__Bacillota_A	c__Clostridia	o__Lachnospirales	f__Lachnospiraceae	g__Oliverpabstia	s__Oliverpabstia faecicola	0.00319351472196629
Sg_YB41_12	d__Bacteria	p__Actinomycetota	c__Actinomycetia	o__Actinomycetales	f__Bifidobacteriaceae	g__Bifidobacterium	s__Bifidobacterium longum	0.00851107186629232
Sg_YB46_3	d__Bacteria	p__Bacteroidota	c__Bacteroidia	o__Bacteroidales	f__Bacteroidaceae	g__Bacteroides	s__Bacteroides zhangwenhongii	0.00146571775992593
Sg_YB50_23	d__Bacteria	p__Bacteroidota	c__Bacteroidia	o__Bacteroidales	f__Bacteroidaceae	g__Prevotella	s__Prevotella sp002265625	0.000455931945273856
Sg_YB55_11	d__Bacteria	p__Actinomycetota	c__Coriobacteriia	o__Coriobacteriales	f__Eggerthellaceae	g__CAAEEV01	s__CAAEEV01 sp900754955	0.000571921592149819
Sg_YB59_31	d__Bacteria	p__Actinomycetota	c__Coriobacteriia	o__Coriobacteriales	f__Coriobacteriaceae	g__Collinsella	s__Collinsella sp002391315	0.00211118579483436
Sg_Z02_23	d__Bacteria	p__Bacillota_A	c__Clostridia	o__Oscillospirales	f__Ruminococcaceae	g__Ruthenibacterium	s__Ruthenibacterium lactatiformans	0.00132552374229438
Sg_Z02_43	d__Bacteria	p__Bacteroidota	c__Bacteroidia	o__Bacteroidales	f__Bacteroidaceae	g__Bacteroides	s__Bacteroides caccae	0.00435457785384076
Sg_Z02_5	d__Bacteria	p__Bacillota	c__Bacilli	o__Haloplasmatales	f__Turicibacteraceae	g__Turicibacter	s__Turicibacter sanguinis	0.00027083695322972
Sg_Z03_24	d__Bacteria	p__Bacteroidota	c__Bacteroidia	o__Bacteroidales	f__Rikenellaceae	g__Alistipes	s__Alistipes shahii	0.00149231767894396
Sg_Z06_28	d__Bacteria	p__Bacteroidota	c__Bacteroidia	o__Bacteroidales	f__Bacteroidaceae	g__Bacteroides	s__Bacteroides stercoris	0.00263700086068627
Sg_Z07_36	d__Bacteria	p__Bacillota_A	c__Clostridia	o__Oscillospirales	f__Acutalibacteraceae	g__CAG-177	s__CAG-177 sp003514385	0.000309997945117367
Sg_Z07_42	d__Bacteria	p__Bacillota_A	c__Clostridia	o__Lachnospirales	f__Lachnospiraceae	g__Blautia_A	s__Blautia_A sp000285855	0.00552613317599455
Sg_Z09_20	d__Bacteria	p__Bacillota_A	c__Clostridia	o__Lachnospirales	f__Lachnospiraceae	g__COE1	s__COE1 sp001916965	0.00134612701290221
Sg_Z10_1	d__Bacteria	p__Bacillota_A	c__Clostridia	o__Lachnospirales	f__Lachnospiraceae	g__Butyribacter	s__Butyribacter sp003529475	0.00162870837482117
Sg_Z12_45	d__Bacteria	p__Bacillota_A	c__Clostridia	o__Lachnospirales	f__Lachnospiraceae	g__Dorea	s__	0.00262049646648854
Sg_Z14_36	d__Bacteria	p__Bacteroidota	c__Bacteroidia	o__Bacteroidales	f__UBA932	g__Cryptobacteroides	s__Cryptobacteroides sp000435075	0.00054027391072165
Sg_Z14_45	d__Bacteria	p__Actinomycetota	c__Coriobacteriia	o__Coriobacteriales	f__Coriobacteriaceae	g__Collinsella	s__	0.00102649243045638
Sg_Z14_58	d__Bacteria	p__Bacillota_A	c__Clostridia	o__Oscillospirales	f__Ruminococcaceae	g__Faecalibacterium	s__Faecalibacterium prausnitzii_E	0.00530083497301353
Sg_Z15_39	d__Bacteria	p__Bacteroidota	c__Bacteroidia	o__Bacteroidales	f__Bacteroidaceae	g__Bacteroides	s__Bacteroides intestinalis	0.0026133564882258
Sg_Z15_51	d__Bacteria	p__Bacillota_A	c__Clostridia	o__Lachnospirales	f__Lachnospiraceae	g__Faecalimonas	s__Faecalimonas umbilicata	0.000742355517717646
Sg_Z16_22	d__Bacteria	p__Bacillota_A	c__Clostridia	o__Oscillospirales	f__Acutalibacteraceae	g__Fimivicinus	s__Fimivicinus sp900544375	0.000137362915139569
Sg_Z17_26	d__Bacteria	p__Bacteroidota	c__Bacteroidia	o__Bacteroidales	f__Rikenellaceae	g__Alistipes	s__Alistipes communis	0.000804087552000119
Gp_MJ1_12	d__Bacteria	p__Bacillota_A	c__Clostridia	o__Lachnospirales	f__Lachnospiraceae	g__Dorea_A	s__Dorea_A longicatena	0.00211855910572006
Gp_MJ2_113	d__Bacteria	p__Bacteroidota	c__Bacteroidia	o__Bacteroidales	f__Bacteroidaceae	g__Bacteroides	s__Bacteroides clarus	0.00108110004198432
Gp_MJ1_272	d__Bacteria	p__Bacillota	c__Bacilli	o__Erysipelotrichales	f__Erysipelotrichaceae	g__Longicatena	s__Longicatena caecimuris	0.0010116369201276
Gp_YAB_339	d__Bacteria	p__Pseudomonadota	c__Gammaproteobacteria	o__Enterobacterales	f__Enterobacteriaceae	g__Citrobacter	s__Citrobacter freundii	0.00303143410430062
Sg_A15_26	d__Bacteria	p__Bacillota_A	c__Clostridia	o__Christensenellales	f__CAG-917	g__CAG-349	s__CAG-349 sp003539515	0.0000591731531839559
Sg_A11_47	d__Bacteria	p__Bacillota_A	c__Clostridia	o__Lachnospirales	f__Lachnospiraceae	g__Coprococcus	s__Coprococcus eutactus	0.000754582147161019
Gp_MJ3_423	d__Bacteria	p__Bacillota_A	c__Clostridia	o__Peptostreptococcales	f__Peptostreptococcaceae	g__Terrisporobacter	s__Terrisporobacter sp900557165	0.00178160346489612
Sg_A33_4	d__Bacteria	p__Bacillota_A	c__Clostridia	o__Clostridiales	f__Clostridiaceae	g__Sarcina	s__Sarcina perfringens	0.00250549459438312
Sg_B26_4	d__Bacteria	p__Bacillota_A	c__Clostridia	o__Oscillospirales	f__Oscillospiraceae	g__Faecousia	s__Faecousia sp000434635	0.00013829624563143
Sg_A37_36	d__Bacteria	p__Bacillota_A	c__Clostridia	o__Oscillospirales	f__Acutalibacteraceae	g__Ruminococcus_E	s__Ruminococcus_E sp003438075	0.00178511123199469
Gp_MJ1_149	d__Bacteria	p__Bacillota_A	c__Clostridia	o__TANB77	f__CAG-465	g__CAG-465	s__CAG-465 sp000433755	0.000851205186330877
Sg_CD28A_40	d__Bacteria	p__Bacillota_A	c__Clostridia	o__Christensenellales	f__CAG-74	g__Limiplasma	s__Limiplasma merdipullorum	0.000244867032293702
Gp_EAB_462	d__Bacteria	p__Actinomycetota	c__Actinomycetia	o__Mycobacteriales	f__Mycobacteriaceae	g__Lawsonella	s__	0.000164118389239571
Sg_A34_19	d__Bacteria	p__Bacteroidota	c__Bacteroidia	o__Bacteroidales	f__Bacteroidaceae	g__Phocaeicola	s__Phocaeicola plebeius_A	0.00226842864945056
Sg_A01_16	d__Bacteria	p__Actinomycetota	c__Actinomycetia	o__Actinomycetales	f__Bifidobacteriaceae	g__Bifidobacterium	s__Bifidobacterium adolescentis	0.00375922966634524
Sg_CD24A_1	d__Bacteria	p__Bacillota_A	c__Clostridia	o__Lachnospirales	f__Lachnospiraceae	g__Coprococcus	s__Coprococcus sp900066115	0.00224750649092468
Sg_CA11_45	d__Bacteria	p__Bacillota_A	c__Clostridia	o__Oscillospirales	f__Acutalibacteraceae	g__Ruminococcus_E	s__Ruminococcus_E bromii_B	0.00648718358346331
Sg_M15_17	d__Bacteria	p__Bacillota_A	c__Clostridia	o__Lachnospirales	f__Lachnospiraceae	g__Roseburia	s__Roseburia hominis	0.00295623877767305
Sg_G37_59	d__Bacteria	p__Bacillota_A	c__Clostridia	o__Lachnospirales	f__Lachnospiraceae	g__CAG-603	s__CAG-603 sp900066105	0.000590261536314878
Sg_OG24B2A_39	d__Bacteria	p__Bacillota_A	c__Clostridia	o__Lachnospirales	f__Lachnospiraceae	g__Eubacterium_G	s__Eubacterium_G ventriosum	0.000821136388984771
