"","D06","G22","G29","G31","G43","H03","H05","I02","I04","I06","I14","M08","M20","P02","P14","P23","X02","Y07","Y09","Y19","Z10","B02","B08","B09","B13","B15","B19","B23","B25","A12","A20","A22","A24","C04","C14","E04","E06","E07","G27","G37","G39","K15","K27","M02","M14","P27","X04","Z06","Z07","OA11r1","OA13r1","OA7r2","OA9r1","OB03r2","OB05r2","OB18r1","OB24r1","OM15r2","OM17r2","OM21r1","OG24B2A","zero_counts","sample_percent"
"Gp_MJ4_197",0.000000505554016424439,0.00000202221606569776,0.00000202221606569776,0.0000156721745091576,0.00000556109418066883,0.00000303332409854663,0.0000237610387719486,0.0000591498199216593,0.00000657220221351771,0.000305860179936785,0.000012638850410611,0.0000409498753303795,0.000650648019138253,0.000123355180007563,0.0000151666204927332,0.0000131444044270354,0.00000505554016424439,0.000237104833703062,0.000000505554016424439,0.000380682174367602,0.0000252777008212219,0.000191099418208438,0.0000257832548376464,0.0000156721745091576,0.000146105110746663,0.000111727437629801,0.000563187174296825,0.0000915052769728234,0.0000136499584434599,0.00875164557832346,0.0000525776177081416,0.000070272008282997,0.000213849348947538,0.00469154127241879,0.000109705221564103,0.000062183144020206,0.0014832954841893,0.0000313443490183152,0.0000197166066405531,0.000492409611997403,0.00061273146790642,0.000145094002713814,0.00123810178622345,0.00345798947234316,0.0000202221606569776,0.0000793719805786369,0.00178157235387972,0.0000090999722956399,0.000110210775580528,0.00996497521774212,0.0000222443767226753,0.00016177728525582,0.00010818855951483,0.0000879663988578524,0.000139027354516721,0.000282099141164837,0.000028816578936193,0.000148632880828785,0.00513036215867521,0.0000980774791863411,0.0000272999168869197,0,1
"Gp_NH_148",0.0000121332963941865,0.00000101110803284888,0.0000106166343449132,0.000281593587148412,0.00000859441827921546,0.0000551053877902638,0.0000485331855767461,0.000214354902963962,0.00000353887811497107,0.000178460567797827,0.00000859441827921546,0.0000480276315603217,0.0000141555124598843,0.0000197166066405531,0.000147116218779512,0.000350854487398561,0.00017087725755146,0.0000813941966443347,0.00000657220221351771,0.0000611720359873571,0.000148127326812361,0.000128916274188232,0.0000733053323815436,0.00971927596575984,0.000128916274188232,0.0000788664265622125,0.000100099695252039,0.0000930219390220967,0.000360460013710625,0.00179269454224106,0.000100605249268463,0.0000434776454125017,0.0000475220775438973,0.000123860734023988,0.000436798670190715,0.0000465109695110484,0.000122344071974714,0.0000500498476260195,0.000688059016353661,0.000297771315673994,0.000113244099679074,0.000536898365442754,0.00011728853181047,0.000231038185505969,0.0000945386010713701,0.000178966121814251,0.0000475220775438973,0.000219915997144631,0.000710808947092761,0.000404948767155976,0.00136398473631314,0.000114760761728348,0.000224465983292451,0.000676431273975899,0.000158238407140849,0.000133971814352476,0.00115721314359554,0.000483815193718188,0.0028589079628802,0.000082910858693608,0.0000970663711534923,0,1
"Sg_A11_10",0.0000363998891825596,0.0000667331301680259,0.00145346779722026,0.0119118637349926,0.0000697664542665726,0.0000687553462337237,0.00149441767255064,0.000115771869761197,0.000803325332098433,0.000470165235274728,0.000127399612138959,0.000621325886185635,0.000763892118817327,0.00112485768654438,0.00295142434788587,0.00139735130139715,0.0000480276315603217,0.000296760207641146,0.0000323554570511641,0.000301310193788966,0.000407476537238098,0.00477546323914525,0.00235082617637364,0.00206518815709383,0.000968641495469225,0.000438820886256413,0.00226993753374573,0.0129790882636646,0.000245699251982277,0.00177247238158408,0.000636492506678369,0.00027906581706629,0.00148278993017288,0.00298529646698631,0.00049999292224377,0.000102627465334161,0.000904941689399746,0.00028361580321411,0.00835225790534815,0.00118249084441676,0.000157732853124425,0.00122394627376357,0.00100807470875033,0.036995937367924,0.000204243822635473,0.00364555001243663,0.000236599279686637,0.000311926828133879,0.000466120803143333,0.00405959875188824,0.00915507768343016,0.00267336963885243,0.00102273577522664,0.00140139573352854,0.00174618357273001,0.000764903226850176,0.000336193420922252,0.00151413427919119,0.00277144711803877,0.000688564570370086,0.000403937659123127,0,1
"Sg_A27_31",0.0000480276315603217,0.0000192110526241287,0.000126894058122534,0.00133668481942622,0.000113244099679074,0.000768947658981572,0.000357932243628503,0.000163293947305094,0.0000697664542665726,0.00129522939007941,0.000434776454125017,0.000249743684113673,0.000977741467764865,0.0000636998060694793,0.00107126896080339,0.000416576509533738,0.0000272999168869197,0.000595542631347989,0.0000293221329526175,0.000517687312818625,0.000597059293397262,0.00640132495596625,0.0039387713419628,0.00804033107721428,0.00107379673088551,0.00513187882072448,0.00999834178282613,0.000989369210142627,0.0000631942520530549,0.0425903981136769,0.000352371149447834,0.000642559154875462,0.00307376841986059,0.0589506316391881,0.025307528508191,0.00044640419650278,0.00595239298938134,0.000850341855625906,0.0011728853181047,0.00247064247826623,0.00333109541422063,0.0185487768626127,0.0113592931950407,0.00678049046828457,0.000411015415353069,0.00152980645370035,0.000403432105106702,0.000275021384934895,0.020058361155656,0.00758482690841586,0.00244890365555998,0.00415160958287749,0.0638332723298154,0.0259682876076577,0.00332047877987571,0.0222565100190695,0.00034276562313577,0.0506681401881065,0.00887500075833102,0.00116732422392403,0.00117692975023609,0,1
"Sg_B04_2",0.000740131080045379,0.000697664542665726,0.000692103448485057,0.00411419858566208,0.000194132742306985,0.00052274285298287,0.0015950229218191,0.0001799772298471,0.000196154958372682,0.00219713775538061,0.00000101110803284888,0.00297417427862497,0.00479416873775295,0.00115721314359554,0.00512378995646169,0.0011273854566265,0.000230532631489544,0.00294282992960666,0.0000985830332027656,0.0000798775345950613,0.000704236744879243,0.00241048155031172,0.00388922704835321,0.00204698821250255,0.000285638019279808,0.00412228744992487,0.00223505430661244,0.0050722234467864,0.000948419334812247,0.00871575124315733,0.000475220775438973,0.0000935274930385212,0.00318094587134257,0.00153182866976605,0.000683509030205841,0.0000242665927883731,0.00539527246328161,0.000399893226991731,0.00401965998459071,0.00165922828190501,0.00188571648126316,0.0039160214112237,0.00551154988705923,0.0149148545925538,0.00470013569069801,0.0237959219990819,0.000377143296252631,0.0046379525466778,0.00236498168883353,0.0143466118780927,0.00877692327914468,0.00665561862622774,0.000212332686898264,0.022112932678405,0.0230911797001862,0.0104002572258836,0.000775519861195089,0.0125291451890469,0.0427607698172119,0.00127045724327461,0.00557676635517799,0,1
"Sg_B07_50",0.0000116277423777621,0.000586442659052349,0.0000465109695110484,0.0000409498753303795,0.00000758331024636658,0.0000237610387719486,0.00032001569239667,0.000111727437629801,0.000438820886256413,0.00000758331024636658,0.00000101110803284888,0.0000338721191004374,0.0000222443767226753,0.0000237610387719486,0.0000187054986077042,0.000160260623206547,0.0000824053046771835,0.0000293221329526175,0.00000707775622994214,0.0000106166343449132,0.00014458844869739,0.0000217388227062509,0.000326587894610188,0.0000778553185293636,0.0000202221606569776,0.000016177728525582,0.0000520720636917172,0.00000404443213139551,0.00000556109418066883,0.0000434776454125017,0.000206266038701171,0.00000505554016424439,0.00013093849025393,0.0000566220498395372,0.0000267943628704953,0.00000151666204927332,0.0000374109972154085,0.0000090999722956399,0.0000626886980366304,0.0000753275484472414,0.0000151666204927332,0.0000252777008212219,0.0000293221329526175,0.0000247721468047975,0.00000101110803284888,0.0000323554570511641,0.0000116277423777621,0.00000960552631206434,0.000151666204927332,0.0000212332686898264,0.000082910858693608,0.0000975719251699167,0.0000166832825420065,0.0000252777008212219,0.00000859441827921546,0.000116782977794045,0.00000101110803284888,0.00000859441827921546,0.0000232554847555242,0.00031091572010103,0.00000808886426279102,0,1
"Sg_B07_53",0.000118805193859743,0.0000793719805786369,0.000351865595431409,0.000481287423636066,0.00153637865591387,0.000696653434632877,0.00144234560885892,0.000155205083042303,0.00210563247840779,0.002254770913253,0.0234794451848002,0.000153688420993029,0.0000293221329526175,0.0000247721468047975,0.00000606664819709327,0.000188066094109891,0.000247215914031551,0.000414048739451615,0.000158743961157274,0.00013548847640175,0.000323049016495216,0.00039635434887676,0.0494310495099159,0.0000980774791863411,0.0000667331301680259,0.000218399335095358,0.00295294100993515,0.0000884719528742768,0.0208055699919314,0.0000899886149235501,0.000407476537238098,0.0013033182543422,0.000802819778082009,0.0227610529274611,0.0000763386564800903,0.0325551508876517,0.00829361363944292,0.0408624144855381,0.000492409611997403,0.000478759653553944,0.000578353794789558,0.0000267943628704953,0.000229015969440271,0.0000247721468047975,0.0066652241525398,0.000355404473546381,0.000560153850198278,0.00322897350290289,0.0124341010339591,0.000123355180007563,0.000169866149518611,0.000269460290754226,0.00418042616181368,0.0000601609279545082,0.0048467463554611,0.000206266038701171,0.00000960552631206434,0.0000596553739380838,0.000761364348735205,0.000450954182650599,0.000336193420922252,0,1
"Sg_B15_35",0.00000758331024636658,0.00000859441827921546,0.0000106166343449132,0.000125882950089685,0.000623853656267758,0.000448426412568477,0.0000434776454125017,0.0000217388227062509,0.000155205083042303,0.000168349487469338,0.00213091017922901,0.0000480276315603217,0.0000328610110675885,0.00000252777008212219,0.0000389276592646818,0.00213141573324543,0.0000131444044270354,0.0000955497091042189,0.0000586442659052349,0.0017810667998633,0.0000358943351661352,0.0000904941689399746,0.0000449943074617751,0.000431237576010046,0.00469255238045164,0.0114442262698,0.000256315886327191,0.000579364902822407,0.0000101110803284888,0.000125882950089685,0.0000389276592646818,0.000408487645270947,0.000197671620421956,0.000126894058122534,0.00022092710517748,0.000402926551090278,0.000124871842056836,0.000147621772795936,0.000354393365513532,0.0000561164958231127,0.0000874608448414279,0.000147116218779512,0.000654692451269648,0.00120776854523798,0.0000682497922172993,0.00018452721599492,0.0000657220221351771,0.000381187728384027,0.000106671897465557,0.000135994030418174,0.0000899886149235501,0.0000763386564800903,0.00033366565084013,0.000256821440343615,0.0339671632555252,0.000582398226920954,0.00522035077359876,0.000372593310104811,0.000218904889111782,0.003653133322683,0.00210917135652276,0,1
"Sg_B26_4",0.0000272999168869197,0.0279060761526126,0.0000439831994289262,0.000128410720171807,0.0000181999445912798,0.000033366565084013,0.000466626357159757,0.000213343794931113,0.001257818392864,0.000304849071903937,0.00000101110803284888,0.0000738108863979681,0.000106166343449132,0.0000631942520530549,0.0000606664819709327,0.00282705805984546,0.0000444887534453506,0.00014003846254957,0.0000146610664763087,0.0000525776177081416,0.000259854764442162,0.0000970663711534923,0.000429720913960773,0.000111727437629801,0.000113244099679074,0.0000510609556588683,0.0000687553462337237,0.0000424665373796529,0.0000151666204927332,0.000090999722956399,0.000301310193788966,0.00000606664819709327,0.000117794085826894,0.000104649681399859,0.0000778553185293636,0.00000353887811497107,0.000349337825349287,0.000041455429346804,0.000137005138451023,0.000630425858481275,0.0000454998614781995,0.000325071232560914,0.0000667331301680259,0.000160260623206547,0.000108694113531254,0.00433866456895453,0.0000535887257409905,0.0000672386841844504,0.000185032770011345,0.0000727997783651192,0.000131444044270354,0.000466626357159757,0.000134477368368901,0.0000920108309892479,0.0000490387395931706,0.000173405027633583,0.00000758331024636658,0.0000460054154946239,0.0000849330747593057,0.000160260623206547,0.0000530831717245661,0,1
"Sg_CA25_21",0.0000642053600859037,0.000134477368368901,0.000196154958372682,0.00033821563698795,0.000256315886327191,0.0010798633790826,0.00121686851753362,0.000123860734023988,0.00325121787962557,0.00239834825391754,0.000655703559302497,0.000475726329455397,0.000161271731239396,0.000209299362799718,0.0000631942520530549,0.00108593002727969,0.000255304778294342,0.00241250376637742,0.000384221052482574,0.000156721745091576,0.0000798775345950613,0.0000652164681187526,0.00266174189647467,0.0000318499030347396,0.000302321301821814,0.00043730422420714,0.00201412720143496,0.000057633157872386,0.00276335825377598,0.0000535887257409905,0.000715358933240581,0.000341754515102921,0.007322949927908,0.000181493891896374,0.00017087725755146,0.000994424750306871,0.00134982922385325,0.00271078063606784,0.000241654819850882,0.00043275423805932,0.000371076648055538,0.000351360041414985,0.00052729283913069,0.0000424665373796529,0.00140594571967636,0.000229521523456695,0.00139027354516721,0.00205052709061752,0.000237104833703062,0.000123355180007563,0.000146610664763087,0.00228763192432059,0.000326587894610188,0.000484826301751037,0.000335182312889403,0.000665309085614562,0.0000111221883613377,0.0000131444044270354,0.000389782146663242,0.000171382811567885,0.000471176343307577,0,1
"Sg_CK05A_46",0.000181493891896374,0.00176792239543626,0.000910502783580414,0.000439326440272837,0.0000879663988578524,0.000123860734023988,0.00283666358615753,0.00164203944534658,0.00357982799030145,0.000116782977794045,0.000102627465334161,0.000865508476118639,0.000438315332239988,0.000113749653695499,0.000320521246413094,0.00180735560871737,0.000253282562228644,0.000462581925028362,0.000106166343449132,0.000270976952803499,0.000597059293397262,0.000191099418208438,0.00302978522043166,0.000348326717316438,0.0000889775068907012,0.000269460290754226,0.000247721468047975,0.000110716329596952,0.0000601609279545082,0.000147621772795936,0.00604339271233774,0.0000131444044270354,0.00108138004113187,0.000104144127383434,0.000178966121814251,0.00009908858721919,0.000243171481900155,0.000228510415423846,0.000208288254766869,0.000203738268619049,0.000116277423777621,0.000159755069190123,0.000213849348947538,0.000129421828204656,0.000123355180007563,0.000265921412639255,0.000271482506819924,0.000177955013781402,0.000563187174296825,0.00013548847640175,0.000494431828063101,0.00034731560928359,0.000198682728454804,0.000199693836487653,0.0000727997783651192,0.000392815470761789,0.00000404443213139551,0.000299793531739692,0.000163799501321518,0.000458537492896966,0.000109705221564103,0,1
"Sg_CK52A_43",0.000028816578936193,0.000547009445771243,0.000229015969440271,0.000365009999858445,0.00000303332409854663,0.0000323554570511641,0.000445393088469931,0.000100605249268463,0.000931230498253816,0.0000894830609071257,0.000000505554016424439,0.0000808886426279102,0.000139027354516721,0.0000854386287757302,0.0000454998614781995,0.000911513891613263,0.0000439831994289262,0.000308387950018908,0.0000111221883613377,0.00000353887811497107,0.000473198559373275,0.0000242665927883731,0.000283110249197686,0.0000849330747593057,0.00000101110803284888,0.0000308387950018908,0.000133466260336052,0.0000778553185293636,0.00000505554016424439,0.000112232991646225,0.000629414750448426,0,0.000448931966584902,0.0000535887257409905,0.000036905443198984,0,0.000086449736808579,0.0000136499584434599,0.000244182589933004,0.000751253268406716,0.000165821717387216,0.0000778553185293636,0.0000237610387719486,0.000016177728525582,0.0000181999445912798,0.000033366565084013,0.0000171888365584309,0.0000136499584434599,0.000622336994218484,0.0000586442659052349,0.000795742021852067,0.000776025415211514,0.0000187054986077042,0.0000444887534453506,0.00000556109418066883,0.00132657373909773,0.00000252777008212219,0.0000121332963941865,0.0000525776177081416,0.000118299639843319,0.0000151666204927332,2,0.967213
"Sg_CM17_7",0.000281088033131988,0.00303989630076015,0.000768442104965147,0.000193121634274136,0.0000652164681187526,0.00027451583091847,0.00457475829462475,0.00112890211867577,0.00671577955418225,0.000108694113531254,0.00000202221606569776,0.000392815470761789,0.00052274285298287,0.000311926828133879,0.000453481952732722,0.00173101695223728,0.000101110803284888,0.000606664819709327,0.0000409498753303795,0.0000409498753303795,0.000782597617425031,0.000302321301821814,0.00240441490211463,0.000587453767085198,0.0000171888365584309,0.0000657220221351771,0.000303332409854663,0.000121332963941865,0.0000449943074617751,0.000787653157589276,0.000952969320960067,0.00000353887811497107,0.000561670512247552,0.000402420997073853,0.00017542724369928,0.00000353887811497107,0.00039180436272894,0.000201210498536927,0.000860452935954395,0.0029291799711632,0.000164305055337943,0.000171382811567885,0.000128410720171807,0.000114760761728348,0.000155710637058727,0.000188066094109891,0.000180482783863525,0.000219915997144631,0.00177297793560051,0.000336193420922252,0.000731536661766163,0.00142262900221837,0.000275526938951319,0.000215366010996811,0.000101110803284888,0.00099998584448754,0.0000090999722956399,0.000176438351732129,0.000163293947305094,0.000537403919459178,0.0000556109418066883,0,1
"Sg_CM32A_26",0.000504037354375166,0.000877641772512826,0.0139457075430681,0.000855397395790151,0.000587453767085198,0.00017542724369928,0.00273251945877409,0.0017087725755146,0.00562529954075473,0.000203738268619049,0.0000480276315603217,0.00205254930668322,0.000597564847413687,0.000383209944449725,0.00119512969482737,0.002639497519752,0.000339732299037223,0.00138774577508508,0.000305860179936785,0.000843769653412389,0.00198733283856447,0.000488870733882432,0.00228611526227131,0.000904436135383321,0.00033821563698795,0.000647614695039706,0.000650142465121828,0.000491904057980979,0.000128410720171807,0.0005854315510195,0.00145650112131881,0.0000647109141023282,0.00102273577522664,0.000885225082759193,0.000892302838989135,0.0000849330747593057,0.000532348379294934,0.000124366288040412,0.000759847686685932,0.00103588017965368,0.00026086587247501,0.00103739684170295,0.00111676882228159,0.000607170373725751,0.00027906581706629,0.000508081786506561,0.000569759376510343,0.000402420997073853,0.00617888118873949,0.000529315055196388,0.00130230714630935,0.00102020800514452,0.000549537215853365,0.000744175512176774,0.000311926828133879,0.000724458905536221,0.00011728853181047,0.000414048739451615,0.000596553739380838,0.00260562540065156,0.00029271577550975,0,1
"Sg_D18_45",0.000102121911317737,0.0000090999722956399,0.0000379165512318329,0.00116479645384191,0.0000146610664763087,0.000595037077331565,0.000115266315744772,0.0000353887811497107,0.0000171888365584309,0.00490336840530063,0.00000202221606569776,0.0000717886703322703,0.00104750792203144,0.0000298276869690419,0.000127399612138959,0.0000980774791863411,0.000020727714673402,0.0000353887811497107,0.0000566220498395372,0.000722436689470523,0.000251765900179371,0.000542965013639847,0.00103486907162083,0.000424159819780104,0.0000505554016424439,0.0000647109141023282,0.00193778854495487,0.00118653527654816,0.0000626886980366304,0.00297720760272352,0.000109705221564103,0.0000404443213139551,0.00210007138422712,0.00359297239472849,0.00844275207428813,0.0000101110803284888,0.00158491184149062,0.00310612387691175,0.00053184282527851,0.00148380103820573,0.000221938213210329,0.00188723314331243,0.00965810392977248,0.0081525640688605,0.0000394332132811062,0.00136246807426386,0.00000960552631206434,0.000299793531739692,0.00123810178622345,0.0021410212595575,0.000514148434703654,0.00219915997144631,0.00388265484613969,0.00274161943106973,0.00221078771382407,0.00258135880786318,0.000150655096894483,0.0313428323562659,0.00763588786407473,0.00437455890412067,0.00009908858721919,0,1
"Sg_E06_10",0.0000722942243486948,0.000395343240843911,0.000293726883542599,0.000245699251982277,0.0000176943905748554,0.0000586442659052349,0.001783089015929,0.150986740329257,0.00320268469404882,0.0000556109418066883,0.00000202221606569776,0.00026086587247501,0.000185538324027769,0.0000510609556588683,0.000196660512389107,0.000476231883471821,0.0000631942520530549,0.0064458137094116,0.0000217388227062509,0.0000545998337738394,0.000915052769728234,0.000285638019279808,0.000611720359873571,0.000658231329384619,0.0000242665927883731,0.000121332963941865,0.000123860734023988,0.0000449943074617751,0.0000232554847555242,0.000145094002713814,0.00142717898836619,0.00000252777008212219,0.000325576786577339,0.000132455152303203,0.0000465109695110484,0.00000202221606569776,0.0131656376957252,0.0000227499307390997,0.000271988060836348,0.000123860734023988,0.0000940330470549456,0.00014003846254957,0.000100605249268463,0.0000475220775438973,0.0000181999445912798,0.000782092063408607,0.000150149542878058,0.0000970663711534923,0.000361976675759898,0.000105660789432708,0.00409043754689014,0.000582398226920954,0.0000687553462337237,0.000146610664763087,0.0000465109695110484,0.00020727714673402,0.00000202221606569776,0.0000328610110675885,0.000138521800500296,0.000448426412568477,0.000139027354516721,0,1
"Sg_G18_1",0.000653175789220375,0.00520164527499105,0.00000960552631206434,0.000041455429346804,0.013896668803475,0.000212332686898264,0.00247519246441405,0.00435787562157866,0.00398882118958882,0.00000353887811497107,0.00000202221606569776,0,0.00276740268590738,0.00152373980550326,0.00781434843187255,0.0144689559500674,0.00034276562313577,0.00982139787707757,0.0050909289453941,0.00000252777008212219,0.00176337240928844,0.00183617218765356,0.00253687005441783,0.00522843963786155,0.000162788393288669,0.000233060401571666,0.000563692728313249,0.000206771592717596,0.0000379165512318329,0.00000758331024636658,0.00326689005413472,0.0000247721468047975,0.00411975967984275,0.00000353887811497107,0.000596048185364413,0.000016177728525582,0.00107430228490193,0.00000454998614781995,0.00178258346191257,0.00230583186891187,0.00143425674459613,0.0000187054986077042,0.0000313443490183152,0.000597059293397262,0.00000657220221351771,0.0260557484524992,0.00497060708948508,0.00000252777008212219,0.00181595002699658,0.00000758331024636658,0.00131545155073639,0.00083820855923172,0.000261371426491435,0.000179471675830676,0.0000262888088540708,0.0000227499307390997,0.00000303332409854663,0.00000404443213139551,0.00000404443213139551,0.000111221883613377,0.00000556109418066883,1,0.983607
"Sg_I05_27",0.00162232283870602,0.0185447324304813,0.00145801778336808,0.000579364902822407,0.00122495738179642,0.000262382534524284,0.0136625972938705,0.00162990614895239,0.0376971407887047,0.000321532354445943,0.00013548847640175,0.00134629034573828,0.000688059016353661,0.00106671897465557,0.0005854315510195,0.010641406491718,0.000388265484613969,0.00134831256180398,0.000117794085826894,0.00071182005512561,0.00588363764314762,0.0002254770913253,0.0112789101064292,0.000959035969157161,0.000419609833632284,0.000397365456909609,0.000768947658981572,0.000289682451411203,0.00089634727112053,0.00289480229804634,0.00201261053938569,0.000133466260336052,0.00113294655080717,0.000244182589933004,0.00016632727140364,0.000232049293538817,0.000832647465051051,0.000384221052482574,0.00378204959687123,0.000693114556517906,0.000152677312960181,0.000298782423706843,0.000238115941735911,0.000194132742306985,0.000132960706319627,0.000306871287969634,0.000509598448555834,0.000407476537238098,0.00686744575910958,0.000915052769728234,0.000993413642274022,0.00141656235402128,0.000175932797715705,0.00029271577550975,0.000424665373796529,0.00269258069147656,0.000615764792004967,0.00018452721599492,0.000252271454195795,0.00166883380821707,0.0000743164404143925,0,1
"Sg_I06_25",0.0000106166343449132,0.0000222443767226753,0.0000465109695110484,0.000417082063550162,0.0000773497645129392,0.0000601609279545082,0.000212332686898264,0.0000454998614781995,0.0000672386841844504,0.0148966546479625,0.0000965608171370678,0.0000338721191004374,0.000548526107820516,0.0000808886426279102,0.000128916274188232,0.000033366565084013,0.0000404443213139551,0.0000535887257409905,0.00000657220221351771,0.0124735342472402,0.0000874608448414279,0.000799786453983462,0.000112232991646225,0.000127905166155383,0.00138976799115078,0.000898875041202652,0.000448931966584902,0.000542965013639847,0.000164810609354367,0.00129118495794802,0.000470165235274728,0.000111727437629801,0.000137005138451023,0.000241654819850882,0.000356921135595654,0.000456515276831268,0.000294737991575448,0.0000980774791863411,0.00123759623220703,0.00106621342063914,0.000621325886185635,0.000235588171653789,0.0038022717575282,0.0022112932678405,0.000131949598286779,0.000627392534382729,0.000148127326812361,0.000366526661907718,0.000177955013781402,0.00187054986077042,0.000817480844558318,0.000871069570299308,0.00262989199343993,0.000727997783651192,0.000525270623064992,0.0001799772298471,0.00050454290839159,0.00140746238172564,0.00127096279729104,0.00113648542892214,0.000169866149518611,0,1
"Sg_K14_18",0.000252271454195795,0.00000758331024636658,0.00000606664819709327,0.00246811470818411,0.00000758331024636658,0.000036905443198984,0.00271431951418281,0.000392309916745365,0.0000338721191004374,0.0000399387672975307,0.00000252777008212219,0.0000454998614781995,0.0000803830886114858,0.0000090999722956399,0.00402420997073853,0.000841241883330266,0.000133466260336052,0.00043730422420714,0.00000252777008212219,0.0000753275484472414,0.000997963628421842,0.0127566444964379,0.0037380663974423,0.000646098032990433,0.00017542724369928,0.0000227499307390997,0.00614551462365548,0.00141757346205413,0.00109199667547679,0.00543925566271054,0.000873091786365006,0.000033366565084013,0.0043710200260057,0.0000313443490183152,0.000112232991646225,0.00000707775622994214,0.000719403365371977,0.000016177728525582,0.000854891841773726,0.000240138157801608,0.000128916274188232,0.0632043631333833,0.0000657220221351771,0.000131444044270354,0.0000404443213139551,0.00213343794931113,0.0000222443767226753,0.0000181999445912798,0.00238672051153978,0.00116782977794045,0.00161018954231184,0.00148683436230427,0.000049544293609595,0.020165538607138,0.0000672386841844504,0.00922888856982813,0.000445393088469931,0.000118805193859743,0.000113749653695499,0.00721375026036032,0.000070272008282997,0,1
"Sg_K15_44",0.0000930219390220967,0.0000662275761516015,0.000119310747876168,0.000945386010713701,0.0000945386010713701,0.000189582756159165,0.000496454044128799,0.000146105110746663,0.0000940330470549456,0.00256770884941973,0.0000363998891825596,0.00137965691082229,0.00133415704934409,0.000137510692467447,0.0005626816202804,0.000243171481900155,0.0000363998891825596,0.000699686758731423,0.0000217388227062509,0.00279217483271218,0.00063548139864552,0.00691446228263705,0.00140645127369279,0.000746703282258896,0.0114836594830811,0.00302169635616887,0.00318246253339184,0.00881281761431082,0.00026996584477065,0.00559092186763787,0.000264404750589982,0.000375626634203358,0.000583409334953802,0.00785226498310439,0.00791950366728883,0.000332654542807281,0.00201159943135284,0.000154193975009454,0.000931230498253816,0.000460054154946239,0.00116631311589118,0.0145382168503176,0.026715496443933,0.0150215264900194,0.000420115387648709,0.00385535492925277,0.00154193975009454,0.000595542631347989,0.0022942041265341,0.00436394226977576,0.00140291239557782,0.0014211123401691,0.0134654312274649,0.0104553626136738,0.0123719178899389,0.00494482383464744,0.00252625342007292,0.00748169388906527,0.0100812526415197,0.00397820455524391,0.00125023508261764,0,1
"Sg_K36_16",0.000217388227062509,0.0000525776177081416,0.0000803830886114858,0.00422794823935758,0.000205254930668322,0.000693114556517906,0.000254293670261493,0.0000813941966443347,0.0000409498753303795,0.0126808113939742,0.0000106166343449132,0.0010384079497358,0.00672336286442861,0.0005626816202804,0.000713842271191308,0.000324060124528065,0.000057633157872386,0.00189734422364092,0.000036905443198984,0.0143511618642405,0.000386243268548271,0.0385965213839238,0.00444230314232154,0.00251361456966231,0.056188284493445,0.0104118849682613,0.0100276639157787,0.0495533935818906,0.000992402534241174,0.0206316594102814,0.000374109972154085,0.000515159542736503,0.000855397395790151,0.0303949185754701,0.0434144511604487,0.0013548847640175,0.00876681219881619,0.00027906581706629,0.00156923966698146,0.000831130803001778,0.00494229606456531,0.0199906169174552,0.146937252657697,0.0845948591223178,0.000958530415140736,0.0160629677638537,0.00551761653525633,0.00214203236759035,0.00279318594074502,0.0209440917924317,0.00218753222906855,0.00317285700707978,0.0729939111074262,0.0558637188149005,0.0667442523563873,0.014174217958492,0.0146059610885185,0.0813380801485115,0.0514016990659384,0.0191367361837143,0.00229875411268192,0,1
"Sg_K40_4",0.0000247721468047975,0.000788664265622125,0.00172545585805661,0.0000920108309892479,0.0000561164958231127,0.0000328610110675885,0.00222544878030038,0.00287710790747148,0.0149123268224717,0.0000131444044270354,0.0000146610664763087,0.0000970663711534923,0.000016177728525582,0.000221938213210329,0.000762881010784478,0.000435282008141442,0.0000146610664763087,0.000166832825420065,0.0000551053877902638,0.0000166832825420065,0.00492561278202331,0.0016652949301021,0.00759139911062937,0.000221432659193904,0.0000101110803284888,0.0000647109141023282,0.000922130525958176,0.000016177728525582,0.0000156721745091576,0.000335182312889403,0.000575320470691011,0.00000252777008212219,0.0026809529490988,0.000054094279757415,0.0000454998614781995,0.00000151666204927332,0.000159755069190123,0.0000308387950018908,0.000136499584434599,0.000134982922385325,0.0000222443767226753,0.0000884719528742768,0.000961563739239283,0.00000606664819709327,0.00000454998614781995,0.000247721468047975,0.0000490387395931706,0.000120321855909016,0.000843264099395964,0.000342260069119345,0.00224465983292451,0.00020727714673402,0.0000252777008212219,0.000131444044270354,0.0000121332963941865,0.00121332963941865,0.000000505554016424439,0.0000283110249197686,0.0000515665096752928,0.00373857195145873,0.0000449943074617751,0,1
"Sg_M02_5",0.00000303332409854663,0.00000657220221351771,0.00000808886426279102,0.0000935274930385212,0.0000141555124598843,0.0000151666204927332,0.0000520720636917172,0.000149138434845209,0.00000657220221351771,0.0000743164404143925,0.000054094279757415,0.0000192110526241287,0.000232049293538817,0.000168855041485763,0.0000262888088540708,0.000110716329596952,0.0000879663988578524,0.000188571648126316,0.00000151666204927332,0.000250754792146522,0.000134477368368901,0.000090999722956399,0.00061273146790642,0.0000839219667264569,0.000154699529025878,0.000737097755946832,0.00413138742222051,0.000131444044270354,0.0000156721745091576,0.000213849348947538,0.0000419609833632284,0.0000187054986077042,0.0000384221052482574,0.000175932797715705,0.000764903226850176,0.0000106166343449132,0.000511620664621532,0.0000227499307390997,0.0000889775068907012,0.000358437797644927,0.000229521523456695,0.000245193697965853,0.0002027271605862,0.0517520479993205,0.0000606664819709327,0.000915052769728234,0.0000500498476260195,0.0000798775345950613,0.00171585033174455,0.000151666204927332,0.000294232437559023,0.00143274008254686,0.00347821163300014,0.000165316163370792,0.000331137880758007,0.000227499307390997,0.0000808886426279102,0.0002027271605862,0.000494937382079526,0.000150655096894483,0.0000561164958231127,0,1
"Sg_M07_27",0.00000808886426279102,0.0000515665096752928,0.0000262888088540708,0.0000444887534453506,0.0000146610664763087,0.000074821994430817,0.0000712831163158459,0.0000606664819709327,0.000230532631489544,0.00000960552631206434,0.00000353887811497107,0.0000995941412356145,0.0000212332686898264,0.00000404443213139551,0.0000111221883613377,0.0000399387672975307,0.00000808886426279102,0.0000116277423777621,0.0000131444044270354,0,0.0000272999168869197,0.000012638850410611,0.0000551053877902638,0.000074821994430817,0.0000247721468047975,0.0000202221606569776,0.0000283110249197686,0.00000808886426279102,0.00000101110803284888,0.0000181999445912798,0.000191604972224862,0,0.0000323554570511641,0.0000136499584434599,0.0000222443767226753,0.000000505554016424439,0.0000222443767226753,0.00000454998614781995,0.0000176943905748554,0.0000187054986077042,0.0000151666204927332,0.000016177728525582,0.0000343776731168618,0.00000353887811497107,0.00000404443213139551,0.0000267943628704953,0.0000338721191004374,0.0000197166066405531,0.0000667331301680259,0.0000313443490183152,0.0000505554016424439,0.0000278054709033441,0.0000733053323815436,0.0000111221883613377,0.00000707775622994214,0.0000283110249197686,0,0.0000197166066405531,0.0000429720913960773,0.0000915052769728234,0.0000116277423777621,3,0.95082
"Sg_M07_39",0.0000808886426279102,0.00000657220221351771,0.000148632880828785,0.0000278054709033441,0.000940330470549456,0.000645086924957584,0.000663286869548864,0.0000202221606569776,0.00449134188191472,0.000535887257409905,0.0000116277423777621,0.00010363857336701,0.000343776731168618,0.000224971537308875,0.0012143407474515,0.00159957290796692,0.0000202221606569776,0.00366931105120858,0.000729514445700465,0.000016177728525582,0.000818491952591167,0.00000252777008212219,0.0000343776731168618,0.0000090999722956399,0.000390793254696091,0.000219915997144631,0.0000965608171370678,0.00000101110803284888,0.0000616775900037815,0.000105155235416283,0.0000136499584434599,0.00000151666204927332,0.0000480276315603217,0.0000616775900037815,0.000370571094039114,0.00000606664819709327,0.000339226745020799,0.000218399335095358,0.0000171888365584309,0.000272999168869197,0.000700697866764272,0.0000257832548376464,0.000664297977581713,0.00000202221606569776,0.00000252777008212219,0.0000181999445912798,0.000194638296323409,0.0000389276592646818,0.00000454998614781995,0.0000611720359873571,0.000700192312747848,0.0000722942243486948,0.00000202221606569776,0.0000187054986077042,0.000468648573225455,0.000057633157872386,0.000000505554016424439,0.000000505554016424439,0.00197519954217028,0.000211321578865415,0.000000505554016424439,0,1
"Sg_M12_6",0.000219915997144631,0.0000404443213139551,0.0000631942520530549,0.00152121203542114,0.000812930858410498,0.0000677442382008748,0.000412026523385918,0.0003827043904333,0.000105660789432708,0.00861261822380674,0.0000712831163158459,0.00100655804670106,0.000800292007999887,0.00041455429346804,0.00135185143991895,0.00118704083056458,0.000119816301892592,0.00302068524813602,0.0000727997783651192,0.000534876149377056,0.000341248961086496,0.0108208781675487,0.00263848641171915,0.00121181297736938,0.0804225218247669,0.017261636336796,0.0150705652296125,0.0181327059070953,0.00198682728454804,0.0458168438464976,0.000435787562157866,0.000246710360015126,0.00234728729825867,0.00178207790789615,0.00438517553846558,0.000216882673046084,0.00388265484613969,0.000196660512389107,0.00195093294938191,0.00118097418236749,0.00139077909918363,0.0393851856495459,0.00264050862778484,0.0352982869807707,0.000256315886327191,0.00868996798831968,0.00806611433205192,0.000998469182438267,0.0127733277789799,0.00845336870863304,0.0101131025445545,0.0174512190929552,0.018205000131444,0.0117379531533426,0.0374094805533592,0.038956475843618,0.00379367733924899,0.0188217760314819,0.0297589316228082,0.00827895257296661,0.000596048185364413,0,1
"Sg_OA11r1_9",0.00000101110803284888,0.0000131444044270354,0.00000758331024636658,0.000581387118888105,0.00000454998614781995,0.0000136499584434599,0.000618798116103513,0.0000267943628704953,0.0000101110803284888,0.0000960552631206434,0.0000090999722956399,0.0010591356644092,0.0000672386841844504,0.000342260069119345,0.0000631942520530549,0.000041455429346804,0.0000141555124598843,0.0000808886426279102,0.0000399387672975307,0.000062183144020206,0.000978247021781289,0.00298883534510128,0.0000854386287757302,0.0000824053046771835,0.00956154311263541,0.0000697664542665726,0.000109199667547679,0.00014458844869739,0.00000960552631206434,0.0103294796635841,0.000109199667547679,0.0000697664542665726,0.00122546293581284,0.00231341517915823,0.00167287824034847,0.0000556109418066883,0.00271937505434706,0.000750747714390292,0.0000647109141023282,0.0000374109972154085,0.0000404443213139551,0.00086904735423361,0.00328458444470958,0.000311926828133879,0.000177955013781402,0.00223859318472742,0.0000556109418066883,0.000662275761516015,0.0000940330470549456,0.0108112726412366,0.000139532908533145,0.000062183144020206,0.000203738268619049,0.000191604972224862,0.00014458844869739,0.000141049570582418,0.0000530831717245661,0.000190088310175589,0.000272493614852773,0.000090999722956399,0.0000869552908250035,0,1
"Sg_OB03r2_39",0.0000090999722956399,0.00000505554016424439,0.0000146610664763087,0.000209804916816142,0.0000662275761516015,0.0000525776177081416,0.0000470165235274728,0.0000262888088540708,0.00000707775622994214,0.000724964459552645,0.0000535887257409905,0.000138521800500296,0.000323554570511641,0.0000439831994289262,0.0000904941689399746,0.000131949598286779,0.0000136499584434599,0.000154699529025878,0.0000212332686898264,0.000888763960874164,0.0000520720636917172,0.00179724452838888,0.000300299085756117,0.000454493060765571,0.00359853348890916,0.000969147049485649,0.000966619279403527,0.00212737130111404,0.0000758331024636658,0.00203991045627261,0.0000636998060694793,0.000273504722885621,0.000212838240914689,0.00212130465291695,0.00240188713203251,0.000124871842056836,0.000579364902822407,0.0000965608171370678,0.000293726883542599,0.0000874608448414279,0.000435282008141442,0.00132505707704845,0.00529719498409527,0.00438770330854771,0.000244182589933004,0.00115974091367766,0.000677947936025173,0.00023457706362094,0.000367032215924143,0.00175174466691068,0.00026996584477065,0.000352371149447834,0.00395090463835699,0.00661214098081524,0.0027886359545972,0.00132404596901561,0.00072092002742125,0.00393472690983141,0.00311926828133879,0.0011233410244951,0.000774003199145816,0,1
"Sg_OB05r2_38",0.000123355180007563,0.0000171888365584309,0.0000247721468047975,0.00156974522099788,0.0000116277423777621,0.000676936827992324,0.000754286592505263,0.000592003753233018,0.000731536661766163,0.0000692609002501481,0.000440337548305686,0.00159805624591765,0.000787147603572851,0.000257326994360039,0.0036490888905516,0.000284121357230535,0.00020727714673402,0.0018225222292101,0.0000626886980366304,0.0000697664542665726,0.000547514999787667,0.00532651711704789,0.0035166337382484,0.00142060678615267,0.000309399058051757,0.0122212627930444,0.015204537043965,0.00664095755975143,0.000682497922172992,0.00552772761558481,0.000525776177081416,0.000976730359732016,0.00282756361386189,0.00695035661780319,0.0057198381418261,0.000393321024778213,0.00361218344735262,0.00038725437658112,0.00199896058094223,0.00106166343449132,0.000791697589720671,0.0234390008634863,0.0058603821583921,0.00268398627319735,0.000303837963871088,0.00552722206156839,0.0000525776177081416,0.00146812886369657,0.00482652419480412,0.00389478814253388,0.0024574980738392,0.0027947026027943,0.013859763360276,0.0138188134849456,0.0125427951474903,0.0109786110206731,0.00116176312974336,0.000223960429276026,0.00473704113389699,0.000726481121601919,0.000465109695110484,0,1
"Sg_OB24r1_18",0.000297771315673994,0.000162788393288669,0.000188571648126316,0.00823547492755411,0.000261371426491435,0.00505301239416227,0.00282958582992758,0.0013528625479518,0.000168855041485763,0.00289935228419416,0.000352876703464258,0.00135690698008319,0.00209248807398075,0.00130786824049002,0.0282346862632885,0.00143071786648116,0.00248429243670969,0.00318195697937542,0.000123355180007563,0.0063507695543238,0.00237559832317844,0.00788613710220482,0.0145326557561369,0.00565411611969092,0.0043255201645275,0.00285638019279808,0.0308008784506589,0.0195406738428374,0.0139184076261812,0.0141524791357857,0.0018245444452758,0.00157935074730995,0.000695136772583603,0.00431793685428113,0.0484988079036293,0.00144133450082608,0.0053164060367194,0.0060777703854546,0.00440236437502401,0.00246154250597059,0.00136752361442811,0.0491843391499008,0.0120503855354929,0.037963062201344,0.000936286038418061,0.0015080676309941,0.00990835316790258,0.0102915631123523,0.0295223323431215,0.0105408012424496,0.0177752792174833,0.00835984121559452,0.00863233483044729,0.0431465075317437,0.0323241127021458,0.032750800292008,0.156489190244021,0.0101095636664395,0.0439088829885118,0.0115271371284936,0.00233212067776594,0,1
"Sg_OM21r1_55",0.0000434776454125017,0.000600598171512233,0.000164810609354367,0.000142566232631692,0.0000146610664763087,0.0000409498753303795,0.00133415704934409,0.00165417274174076,0.00171433366969527,0.0000136499584434599,0.00000252777008212219,0.000111221883613377,0.0000869552908250035,0.0000889775068907012,0.0000515665096752928,0.00018907720214274,0.0000743164404143925,0.000456009722814844,0.0000293221329526175,0.0000187054986077042,0.000262382534524284,0.000170371703535036,0.00290895781050622,0.000107177451481981,0.0000151666204927332,0.0000439831994289262,0.000115266315744772,0.0000090999722956399,0.0000313443490183152,0.000103133019350586,0.00102728576137446,0.00000606664819709327,0.00361117233931977,0.000028816578936193,0.0000652164681187526,0.00000960552631206434,0.00013093849025393,0.0000556109418066883,0.000100099695252039,0.000113244099679074,0.0000363998891825596,0.0000444887534453506,0.0000449943074617751,0.0000156721745091576,0.00000556109418066883,0.0000626886980366304,0.0000252777008212219,0.0000237610387719486,0.000510609556588683,0.0000727997783651192,0.000274010276902046,0.00111727437629801,0.000016177728525582,0.0000677442382008748,0.0000444887534453506,0.000282604695181261,0.00000303332409854663,0.0000247721468047975,0.0000318499030347396,0.0209334751580867,0.000012638850410611,0,1
"Sg_YB34_1",0.0000733053323815436,0.0000434776454125017,0.0000257832548376464,0.000136499584434599,0.0000611720359873571,0.00000353887811497107,0.0000626886980366304,0.0000475220775438973,0.0000465109695110484,0.0000935274930385212,0.00000353887811497107,0.000114255207711923,0.000272493614852773,0.0000156721745091576,0.00032001569239667,0.000115771869761197,0.0000348832271332863,0.000805347548164131,0.00000606664819709327,0.000176943905748554,0.000293726883542599,0.000442359764371384,0.00070727006897779,0.0000738108863979681,0.000277043601000592,0.000182504999929222,0.000255304778294342,0.000106166343449132,0.000458031938880542,0.00014458844869739,0.0000374109972154085,0.0000166832825420065,0.0000551053877902638,0.00156671189689934,0.000264404750589982,0.0000156721745091576,0.000315971260265274,0.00000758331024636658,0.000526787285114265,0.0000899886149235501,0.000106166343449132,0.00117844641228537,0.000223960429276026,0.00325071232560914,0.000049544293609595,0.00227903750604137,0.0000379165512318329,0.0000844275207428813,0.000157227299108,0.000213343794931113,0.000629920304464851,0.000302321301821814,0.00337153973553458,0.000701708974797121,0.000118299639843319,0.000312937936166728,0.0000465109695110484,0.00280633034517206,0.00281593587148412,0.000319004584363821,0.000888258406857739,0,1
"Sg_YB37_28",0.0000859441827921546,0.000122849625991139,0.000177955013781402,0.00234930951432437,0.000167338379436489,0.000125377396073261,0.000468648573225455,0.000238621495752335,0.000551053877902638,0.000621325886185635,0.000524765069048568,0.000564198282329674,0.00121939628761575,0.000285638019279808,0.000913030553662537,0.000179471675830676,0.000159249515173698,0.000366021107891294,0.0000308387950018908,0.000504037354375166,0.000735075539881134,0.000929208282188119,0.00132354041499918,0.000782597617425031,0.00112485768654438,0.000613237021922844,0.00194537185520124,0.000657725775368195,0.000274010276902046,0.00441904765756602,0.000385232160515422,0.00106520231260629,0.000600092617495809,0.00188976091339455,0.00375626634203358,0.000421632049697982,0.00423148711747255,0.000861969598003668,0.00127753499950456,0.000376132188219783,0.000515665096752928,0.00321835686855798,0.00108087448711545,0.0128142776543103,0.000466626357159757,0.00265567524827758,0.000753275484472414,0.00124619065048624,0.00203991045627261,0.00326284562200333,0.00219359887726564,0.000945891564730125,0.00201159943135284,0.000668342409713108,0.00460408042757736,0.00993716974683877,0.000385737714531847,0.00187358318486897,0.00561114402829485,0.00392461582950292,0.0010571134483435,0,1
"Sg_YB41_11",0.0000379165512318329,0.0000601609279545082,0.0000611720359873571,0.00092364718800745,0.0000753275484472414,0.0000303332409854663,0.00017087725755146,0.0000899886149235501,0.0000844275207428813,0.000357932243628503,0.0000217388227062509,0.00105054124612998,0.000324060124528065,0.000597059293397262,0.000259854764442162,0.000160766177222972,0.0000556109418066883,0.000165821717387216,0.0000106166343449132,0.00118653527654816,0.000163799501321518,0.00201412720143496,0.000451459736667024,0.000205254930668322,0.000496454044128799,0.000222949321243178,0.000598070401430111,0.000218904889111782,0.0000278054709033441,0.0134937422523847,0.000102627465334161,0.000186549432060618,0.00115923535966124,0.00294586325370521,0.00491600725571124,0.0000738108863979681,0.00124770731253552,0.000176438351732129,0.000332148988790856,0.000350348933382136,0.00121939628761575,0.00818087509378027,0.000436293116174291,0.00414099294853258,0.000173405027633583,0.00373351641129448,0.000230532631489544,0.000829614140952504,0.000994424750306871,0.00752921596660917,0.000632448074546973,0.0017770223677319,0.00062183144020206,0.000310410166084605,0.00154901750632448,0.0032891344308574,0.0000424665373796529,0.000903930581366897,0.00164102833731373,0.00143931228476038,0.000163293947305094,0,1
