"","E11","G33","I09","M18","B27","A02","A28","A33","A37","C02","D02","D10","D18","G02","G47","K43","M04","M16","P15","YA02","YA03","YA04","YA06","YA07","YA10","YA11","YA12","YA13","YA14","YA16","YA19","YA21","YA23","YA26","YA28","YA29","YA30","YA31","YA32","YA33","YA34","YB31","YB32","YB34","YB35","YB36","YB37","YB38","YB39","YB40","YB41","YB43","YB45","YB46","YB47","YB50","YB52","YB54","YB55","YB56","YB57","YB59","Z04","Z12","Z14","zero_counts","sample_percent"
"Gp_MJ4_197",0.0000247721468047975,0.0000343776731168618,0.0000343776731168618,0.0000318499030347396,0.00000556109418066883,0.0000217388227062509,0.00000657220221351771,0.000028816578936193,0.0000824053046771835,0.00000808886426279102,0.000172899473617158,0.00000404443213139551,0.000113749653695499,0.0000631942520530549,0.0000111221883613377,0.00000707775622994214,0.00124517954245339,0.000237104833703062,0.0000647109141023282,0.00486191297595383,0.00144082894680965,0.000291704667476901,0.00118147973638391,0.000628909196432002,0.000860452935954395,0.0265112526212976,0.0000773497645129392,0.00288721898779997,0.00151615649525689,0.0000409498753303795,0.000201716052553351,0.0000824053046771835,0.0107809394002512,0.000105155235416283,0.000148127326812361,0.00907014460867086,0.0000475220775438973,0.000375626634203358,0.000150655096894483,0.00615916458209894,0.000107177451481981,0.012518528554702,0.0000465109695110484,0.000140544016565994,0.0414003239590137,0.000057633157872386,0.045878015882485,0.0840256052998239,0.00876428442873407,0.0000652164681187526,0.000936791592434485,0.0161175675976275,0.000115266315744772,0.00009908858721919,0.000160766177222972,0.000309904612068181,0.0000849330747593057,0.000137510692467447,0.0477126714080893,0.00506716790662215,0.00195447182749688,0.00528758945778321,0.00960400965001507,0.000154193975009454,0.00208642142578366,0,1
"Gp_NH_148",0.0000348832271332863,0.0000611720359873571,0.0000485331855767461,0.0000424665373796529,0.000155710637058727,0.000388771038630394,0.000303332409854663,0.0000222443767226753,0.0000429720913960773,0.000278560263049866,0.000101616357301312,0.0000616775900037815,0.000469659681258304,0.00138016246483872,0.000376132188219783,0.0000323554570511641,0.000541448351590574,0.0000859441827921546,0.000102121911317737,0.0000692609002501481,0.000142060678615267,0.000178460567797827,0.00388417150818896,0.00371127203457181,0.00141403458393916,0.000254293670261493,0.000213343794931113,0.000439831994289262,0.000129927382221081,0.0000884719528742768,0.000237610387719486,0.00018452721599492,0.000235588171653789,0.000184021661978496,0.000182504999929222,0.00906407796047377,0.000102121911317737,0.00009908858721919,0.000922130525958176,0.000186043878044193,0.000205760484684747,0.00701102309977412,0.000133971814352476,0.000557626080116156,0.000246204805998702,0.000110716329596952,0.0000278054709033441,0.000152677312960181,0.000122849625991139,0.000142566232631692,0.000367032215924143,0.000476737437488246,0.00017087725755146,0.000827086370870382,0.0000389276592646818,0.000167843933452914,0.000187560540093467,0.000449437520601326,0.00125933505491328,0.000125882950089685,0.00133314594131125,0.000298782423706843,0.00239329271375329,0.000686036800287964,0.000285132465263384,0,1
"Sg_A11_10",0.0002027271605862,0.000082910858693608,0.0000940330470549456,0.000239632603785184,0.0000530831717245661,0.000271482506819924,0.00329216775495595,0.000376132188219783,0.000245193697965853,0.000826075262837533,0.00131393488868712,0.00232453736751957,0.00113749653695499,0.00300450751961044,0.00343523954160406,0.000129927382221081,0.00262534200729211,0.000844780761445237,0.00100049139850396,0.000528809501179963,0.00133617926540979,0.00388417150818896,0.00214607679972174,0.0269086180782072,0.00171028923756388,0.00282099141164837,0.000937802700467334,0.00225375980522015,0.0012805683236031,0.000258843656409313,0.0112789101064292,0.00154750084427521,0.00149542878058349,0.00170978368354745,0.00113850764498784,0.00650900796146465,0.000356415581579229,0.00124972952860121,0.000708281177010639,0.00176943905748554,0.00188470537323031,0.00316881257494838,0.00176084463920632,0.00130129603827651,0.00059908150946296,0.00149795655066561,0.000361976675759898,0.00224516538694093,0.000782092063408607,0.00009908858721919,0.00775823193604944,0.00236295947276783,0.0201180165295941,0.00149542878058349,0.000579870456838831,0.00125680728483116,0.0136833250085439,0.0036263389598125,0.00199542170282726,0.00260056986048731,0.00103284685555513,0.00218551001300285,0.000975719251699167,0.00118805193859743,0.00113547432088929,0,1
"Sg_A27_31",0.000125377396073261,0.000721931135454099,0.000547514999787667,0.000421632049697982,0.000425170927812953,0.000855902949806575,0.00149340656451779,0.000363998891825596,0.000319510138380245,0.00431540908419901,0.00197621065020313,0.000199188282471229,0.0182595999652179,0.00109351333752606,0.000252777008212219,0.000270976952803499,0.0242686150044388,0.00262786977737423,0.00179421120429033,0.0219713775538061,0.0534138040513077,0.0508011008944262,0.0285830129806049,0.0544567619871913,0.0111793159651936,0.0244167423312511,0.00127652389147171,0.0207231646872542,0.0035601113836609,0.000190088310175589,0.0610982251009591,0.0421283217426649,0.00272089171639633,0.00238014830932626,0.0112111658682284,0.0243682091456744,0.000913030553662537,0.00321077355831161,0.0250678959044058,0.0293908882988512,0.0158678239135139,0.017505818926729,0.00194436074716839,0.0321041967050011,0.0390580922009193,0.00221584325398832,0.000639020276760491,0.00196357179979252,0.00209602695209572,0.000677947936025173,0.00425019261608026,0.0056308606349354,0.0352133539060114,0.00169916704920254,0.0155028139136554,0.0265835468456463,0.000744681066193198,0.00698119541280508,0.0147171829721318,0.0524274681652636,0.0302907744480867,0.0552813205879795,0.00985880887429298,0.00280178035902424,0.0361880620496778,0,1
"Sg_B04_2",0.00109452444555891,0.000680475706107295,0.00117743530425252,0.0032871122147917,0.000371076648055538,0.0026622474504911,0.00187863872503321,0.0000520720636917172,0.0000717886703322703,0.0040504987795926,0.0308544671763999,0.00413442074631906,0.0118188417959705,0.000645086924957584,0.00133516815737694,0.00225022092710518,0.00695490660395101,0.00236700390489922,0.0242969260293585,0.00580426566256898,0.0173314027910626,0.00026996584477065,0.055770191321862,0.0100949025999632,0.035142576343712,0.0263565530922717,0.0166256493841341,0.026036537399875,0.00073911997201253,0.0000773497645129392,0.0152444758112625,0.0296972540328044,0.0178885233171623,0.000406465429205249,0.00744377733783344,0.0625350096156374,0.0000460054154946239,0.0199334893135992,0.0916240821666832,0.0243697258077237,0.123822311918739,0.025862626818225,0.014518500243677,0.0302958299882509,0.0245264475528152,0.000390287700679667,0.000259349210425737,0.0310410166084605,0.00831484690813275,0.000138016246483872,0.0430914021439535,0.013471497875662,0.0759888131007246,0.00433866456895453,0.00271937505434706,0.0201448108924646,0.0313949044199577,0.0427370087784399,0.0297240483956749,0.0427885752881152,0.0215224455872212,0.0553551314743775,0.000363493337809172,0.00426434812854014,0.0123693901198567,0,1
"Sg_B07_50",0.000114255207711923,0.0000278054709033441,0.0000293221329526175,0.000219410443128206,0.00000202221606569776,0.0000328610110675885,0.0000212332686898264,0.0000166832825420065,0.000070272008282997,0.0000131444044270354,0.00000960552631206434,0,0.00000859441827921546,0.0000571276038559616,0.00000101110803284888,0.0000247721468047975,0.000153182866976605,0.00000454998614781995,0.00000808886426279102,0.0000343776731168618,0.0000293221329526175,0.0000323554570511641,0.0000399387672975307,0.0000106166343449132,0.0000217388227062509,0.0000404443213139551,0.00000606664819709327,0.0000192110526241287,0.0000166832825420065,0.00000758331024636658,0.0000424665373796529,0.00000252777008212219,0.0000222443767226753,0.00000556109418066883,0.00000960552631206434,0.0000358943351661352,0,0.0000237610387719486,0.000020727714673402,0.0000722942243486948,0.0000121332963941865,0.0000283110249197686,0.0000192110526241287,0.0000267943628704953,0.0000834164127100324,0.0000166832825420065,0.0000252777008212219,0.00000303332409854663,0.0000171888365584309,0.00000252777008212219,0.0000156721745091576,0.0000247721468047975,0.0000212332686898264,0.000103133019350586,0.0000222443767226753,0.0000510609556588683,0.00000960552631206434,0.0000141555124598843,0.0000424665373796529,0.0000176943905748554,0.0000187054986077042,0.00000758331024636658,0.0000272999168869197,0.000036905443198984,0.000267943628704953,2,0.969231
"Sg_B07_53",0.000226488199358149,0.00603176496995998,0.00088269731267707,0.000169866149518611,0.0000449943074617751,0.000228510415423846,0.000275021384934895,0.000237104833703062,0.00419559278230642,0.0144002006038337,0.00037360441813766,0.00502722913932462,0.00113345210482359,0.000362987783792747,0.00297872426477279,0.00142465121828407,0.000109199667547679,0.0000212332686898264,0.000706258960944941,0.000307376841986059,0.000501004030276619,0.00000657220221351771,0.0000121332963941865,0.0000581387118888105,0.0000313443490183152,0.0000111221883613377,0.000407982091254522,0.00018907720214274,0.000127399612138959,0.000000505554016424439,0.00168703375280835,0.00000454998614781995,0.0000667331301680259,0.0000197166066405531,0.00493117387620398,0.000012638850410611,0.00000202221606569776,0.000825064154804684,0.0000626886980366304,0.000226993753374573,0.0000596553739380838,0.0000242665927883731,0.000028816578936193,0.00000606664819709327,0.00206164927897886,0.00398730452753955,0.000278560263049866,0.000012638850410611,0.00000252777008212219,0.000841747437346691,0.0000419609833632284,0.00126691836515964,0.0000515665096752928,0.000104144127383434,0.000016177728525582,0.000334171204856554,0.00000151666204927332,0.00000303332409854663,0.00013093849025393,0.00000960552631206434,0.0000343776731168618,0.00140796793574206,0.00088269731267707,0.0107637505636927,0.0639475275375273,0,1
"Sg_B26_4",0.000203232714602624,0.000115771869761197,0.000156216191075152,0.00288924120386567,0.0000106166343449132,0.000326082340593763,0.0000682497922172993,0.0000217388227062509,0.000100605249268463,0.000054094279757415,0.0000500498476260195,0.0000151666204927332,0.0000444887534453506,0.000162282839272245,0.00000758331024636658,0.0000298276869690419,0.000105155235416283,0.0000192110526241287,0.0000338721191004374,0.000270471398787075,0.000103133019350586,0.0000727997783651192,0.000187054986077042,0.0000515665096752928,0.000159249515173698,0.000123355180007563,0.0000647109141023282,0.000078360872545788,0.0000631942520530549,0.00000707775622994214,0.0000328610110675885,0.0000363998891825596,0.000113244099679074,0.000041455429346804,0.0000399387672975307,0.0000636998060694793,0.0000166832825420065,0.000106671897465557,0.000102121911317737,0.00021637711902966,0.000147116218779512,0.0000930219390220967,0.0000631942520530549,0.0000520720636917172,0.000142060678615267,0.0000763386564800903,0.0000525776177081416,0.0000940330470549456,0.0000384221052482574,0.00000353887811497107,0.0000444887534453506,0.0000758331024636658,0.0000844275207428813,0.000349843379365712,0.000028816578936193,0.0000930219390220967,0.0000586442659052349,0.0000712831163158459,0.000173405027633583,0.0000808886426279102,0.000304343517887512,0.00012183851795829,0.0000662275761516015,0.000116277423777621,0.00019362718829056,0,1
"Sg_CA25_21",0.0000475220775438973,0.00157581186919498,0.00109907443170673,0.0000500498476260195,0.0000166832825420065,0.000223960429276026,0.000281593587148412,0.000222443767226753,0.00890482844530007,0.00169613372510399,0.000486848517816735,0.000746703282258896,0.00014458844869739,0.00484219636931328,0.00170927812953103,0.00112839656465935,0.00011728853181047,0.0000171888365584309,0.00141605680000485,0.000280582479115564,0.000103133019350586,0.00000758331024636658,0.0000955497091042189,0.000223960429276026,0.0000500498476260195,0.00000505554016424439,0.000020727714673402,0.0000874608448414279,0.000191604972224862,0.00000101110803284888,0.000137510692467447,0.0000237610387719486,0.00000758331024636658,0.0000121332963941865,0.000477748545521095,0.0000303332409854663,0.0000439831994289262,0.00127197390532389,0.0019797495283181,0.000127905166155383,0.000291199113460477,0.0000237610387719486,0.000489376287898857,0.00000505554016424439,0.00266426966655679,0.000811414196361224,0.0024802480045783,0.00016632727140364,0.0000116277423777621,0.00021637711902966,0.000187054986077042,0.0000363998891825596,0.0000717886703322703,0.000219915997144631,0.0000278054709033441,0.000224465983292451,0.00000101110803284888,0.0000566220498395372,0.000694631218567179,0.0000136499584434599,0.0000197166066405531,0.00457930828077257,0.000412532077402342,0.0000424665373796529,0.000397871010926033,0,1
"Sg_CK52A_43",0.000773497645129391,0.0000247721468047975,0.000393321024778213,0.0001799772298471,0.00000202221606569776,0.0000465109695110484,0.00000303332409854663,0.0000935274930385212,0.0000237610387719486,0.0000176943905748554,0.0000101110803284888,0.00000353887811497107,0.0000192110526241287,0.00012638850410611,0.00000960552631206434,0.0000257832548376464,0.00458891380708463,0.00000556109418066883,0.00000960552631206434,0.000100099695252039,0.0000743164404143925,0.0000181999445912798,0.000570770484543192,0.0000636998060694793,0.0000131444044270354,0.000033366565084013,0.0000237610387719486,0.00000606664819709327,0.0000308387950018908,0.00000202221606569776,0.0000171888365584309,0.0000262888088540708,0.00000606664819709327,0.00000404443213139551,0.0000146610664763087,0.0000429720913960773,0.00000151666204927332,0.00214253792160677,0.0000197166066405531,0.000227499307390997,0.0000278054709033441,0.0000687553462337237,0.0000222443767226753,0.00000657220221351771,0.0000667331301680259,0.0000252777008212219,0.0000278054709033441,0.0000348832271332863,0.00000707775622994214,0.00000252777008212219,0.0000156721745091576,0.0000111221883613377,0.0000404443213139551,0.000210816024848991,0.0000232554847555242,0.000408487645270947,0.0000131444044270354,0.0000242665927883731,0.000354393365513532,0.0000298276869690419,0.000100605249268463,0.000041455429346804,0.0000313443490183152,0.000251765900179371,0.000987852548093354,0,1
"Sg_CM17_7",0.000748725498324594,0.000400398781008156,0.00239278715973687,0.00211726022078555,0.0000187054986077042,0.000276032492967744,0.0000834164127100324,0.0000813941966443347,0.000186549432060618,0.000116782977794045,0.0000616775900037815,0.0000434776454125017,0.000202221606569776,0.000281088033131988,0.0000682497922172993,0.000603125941594356,0.000951452658910794,0.000415059847484464,0.0000692609002501481,0.000525270623064992,0.000209804916816142,0.0000717886703322703,0.000133971814352476,0.000145599556730238,0.000111221883613377,0.000157732853124425,0.0000920108309892479,0.0000798775345950613,0.0000697664542665726,0.00000505554016424439,0.0000733053323815436,0.0000535887257409905,0.000141049570582418,0.0000101110803284888,0.0000222443767226753,0.000238115941735911,0.00000202221606569776,0.000328610110675885,0.0000904941689399746,0.000969147049485649,0.000192110526241287,0.000241654819850882,0.000109199667547679,0.0000697664542665726,0.00152121203542114,0.0000505554016424439,0.000248227022064399,0.000238621495752335,0.0000480276315603217,0.0000262888088540708,0.000200704944520502,0.0000404443213139551,0.000327093448626612,0.00109048001342751,0.000267438074688528,0.0006309314124977,0.0000692609002501481,0.000110210775580528,0.000413037631418767,0.000128410720171807,0.000248227022064399,0.0000449943074617751,0.00037360441813766,0.00046814301920903,0.00176084463920632,0,1
"Sg_CM32A_26",0.00183667774166999,0.00261927535909502,0.00180078340650385,0.00104953013809714,0.000154699529025878,0.000572287146592465,0.000176438351732129,0.000469154127241879,0.000242665927883731,0.000229521523456695,0.000602114833561507,0.0000788664265622125,0.000372593310104811,0.000871069570299308,0.000128916274188232,0.000388771038630394,0.000557626080116156,0.000304849071903937,0.000450954182650599,0.000596553739380838,0.000440337548305686,0.000339226745020799,0.000722436689470523,0.000598070401430111,0.000514148434703654,0.000798269791934189,0.000606159265692902,0.000284121357230535,0.000517687312818625,0.000133466260336052,0.000382198836416876,0.000379671066334754,0.00064458137094116,0.000515159542736503,0.000531337271262085,0.00032911566469231,0.000196660512389107,0.00107278562285266,0.00081545862849262,0.000587453767085198,0.000998974736454691,0.000387759930597545,0.000470165235274728,0.000250754792146522,0.00178713344806039,0.00089634727112053,0.000245699251982277,0.000449437520601326,0.00115822425162839,0.000199693836487653,0.000618798116103513,0.000523753961015719,0.00116378534580906,0.00049544293609595,0.000182504999929222,0.0006081814817586,0.00115367426548057,0.000671881287828079,0.00120321855909016,0.000713336717174883,0.000462076371011937,0.000724458905536221,0.000542965013639847,0.00104548570596574,0.00321077355831161,0,1
"Sg_CM33A_60",0.000839725221280993,0.000331643434774432,0.00120877965327083,0.000281593587148412,0.00000202221606569776,0.00024367703591658,0.0000171888365584309,0.000167843933452914,0.000159755069190123,0.000109199667547679,0.0000197166066405531,0.00000303332409854663,0.0000712831163158459,0.000325576786577339,0.00000404443213139551,0.00009908858721919,0.000386748822564696,0.00000808886426279102,0.0000222443767226753,0.000330126772725159,0.0000758331024636658,0.0000247721468047975,0.000041455429346804,0.000347821163300014,0.0000439831994289262,0.0000596553739380838,0.00000707775622994214,0.0000187054986077042,0.0000227499307390997,0.00000404443213139551,0.000028816578936193,0.0000136499584434599,0.0000434776454125017,0.0000111221883613377,0.0000323554570511641,0.0000601609279545082,0.00000353887811497107,0.0000449943074617751,0.0000657220221351771,0.0000687553462337237,0.000130432936237505,0.000041455429346804,0.000062183144020206,0.0000682497922172993,0.000161271731239396,0.0000551053877902638,0.0000404443213139551,0.0000272999168869197,0.0000353887811497107,0.00000151666204927332,0.0000551053877902638,0.0000242665927883731,0.0000566220498395372,0.000892808393005559,0.0000227499307390997,0.000294232437559023,0.000012638850410611,0.0000262888088540708,0.00110412997187097,0.0000293221329526175,0.000257832548376464,0.0000181999445912798,0.000340743407070072,0.000454493060765571,0.000550548323886214,0,1
"Sg_D18_45",0.000107177451481981,0.000898369487186228,0.000348832271332863,0.0000818997506607591,0.0000181999445912798,0.000783103171441456,0.000343776731168618,0.0000141555124598843,0.000327599002643036,0.00086449736808579,0.0000682497922172993,0.000673903503893777,0.0226518532599134,0.0126504781529887,0.000529315055196388,0.00114204652310281,0.00550902211697711,0.00247974245056187,0.0351906039752723,0.0000677442382008748,0.00643620818309953,0.0761136849427814,0.00678807377853094,0.0140326628338932,0.00238014830932626,0.00538617249098597,0.000106166343449132,0.00432855348862605,0.00875821778053698,0.00112687990261007,0.0373053364259758,0.00536038923614833,0.000339226745020799,0.0176691128740341,0.00546857779566316,0.0102698242896461,0.000901908365301199,0.00852667404101459,0.00284728022050244,0.0126039671834777,0.0037360441813766,0.0101252358409487,0.00606765930512612,0.0304616517056381,0.0104123905222777,0.0000510609556588683,0.0000278054709033441,0.0386743767024531,0.00053639281142633,0.0000232554847555242,0.030127986054798,0.00697563431862441,0.00768138772555292,0.000383209944449725,0.0000257832548376464,0.00382249391818518,0.00444533646642009,0.00232554847555242,0.00126995168925819,0.0187570651173795,0.00559243852968714,0.00534218929155705,0.000505048462408014,0.00599334286471172,0.0119391636518795,0,1
"Sg_E06_10",0.000242665927883731,0.000327599002643036,0.00105761900235993,0.000281088033131988,0.00000404443213139551,0.000153688420993029,0.0000293221329526175,0.000123860734023988,0.00010363857336701,0.000110716329596952,0.0000556109418066883,0.0000156721745091576,0.0000454998614781995,0.000291704667476901,0.0000551053877902638,0.000074821994430817,0.000268449182721377,0.0000434776454125017,0.0000500498476260195,0.000316476814281699,0.000149138434845209,0.0000348832271332863,0.000049544293609595,0.000620314778152787,0.000110210775580528,0.0000854386287757302,0.0000242665927883731,0.0000475220775438973,0.00009908858721919,0.00000404443213139551,0.0000642053600859037,0.0000631942520530549,0.000082910858693608,0.00000202221606569776,0.0000267943628704953,0.000158743961157274,0.00000556109418066883,0.000183010553945647,0.0000444887534453506,0.000178966121814251,0.0001799772298471,0.000102121911317737,0.000054094279757415,0.0000682497922172993,0.000556614972083307,0.0000606664819709327,0.000041455429346804,0.0000353887811497107,0.0000581387118888105,0.0000454998614781995,0.000508081786506561,0.0000156721745091576,0.000100099695252039,0.000233565955588091,0.0000687553462337237,0.000267438074688528,0.0000879663988578524,0.000187054986077042,0.000223454875259602,0.000163293947305094,0.000206266038701171,0.0000692609002501481,0.000127905166155383,0.000436293116174291,0.000935780484401636,0,1
"Sg_G09_4",0.00238014830932626,0.000449437520601326,0.033429759336066,0.000276032492967744,0.00044640419650278,0.00242969260293585,0.000154699529025878,0.000764903226850176,0.0285304353628968,0.000250249238130097,0.000228004861407422,0.00505301239416227,0.000445393088469931,0.00200806055323787,0.000253788116245068,0.00224920981907233,0.00296760207641146,0.000700697866764272,0.0047784965632438,0.00111777993031443,0.00018907720214274,0.0000454998614781995,0.00020727714673402,0.000214860456980387,0.000215366010996811,0.000154193975009454,0.000130432936237505,0.000070272008282997,0.000313443490183152,0.00097268592760062,0.0000379165512318329,0.000262888088540708,0.000322037908462368,0.000062183144020206,0.000719908919388401,0.000365515553874869,0.000646603587006857,0.00816216959517257,0.000753275484472414,0.000350348933382136,0.000236599279686637,0.000215871565013235,0.000431237576010046,0.0000530831717245661,0.000314960152232425,0.000101616357301312,0.00138218468090442,0.000215871565013235,0.000391298808712516,0.000120321855909016,0.000312432382150303,0.0000141555124598843,0.000862475152020093,0.000158743961157274,0.00028361580321411,0.00009908858721919,0.000577848240773134,0.000206771592717596,0.00137814024877302,0.000152677312960181,0.000229521523456695,0.000780069847342909,0.000390287700679667,0.0000616775900037815,0.000142566232631692,0,1
"Sg_G18_1",0.00109149112146036,0.00000202221606569776,0.00210512692439136,0.000383715498466149,0.00000101110803284888,0.0027057250959036,0.000368043323956992,0.0000278054709033441,0.000704742298895668,0.00000252777008212219,0.0000475220775438973,0.00000859441827921546,0.00128764607983305,0.00448375857166835,0.00000707775622994214,0.00202373272774703,0.000769453212997996,0.00000101110803284888,0.00000252777008212219,0.000966113725387103,0.00000252777008212219,0.00000303332409854663,0.0000849330747593057,0.000638009168727642,0.000723447797503372,0.00000404443213139551,0.00000505554016424439,0.000123355180007563,0.000109199667547679,0.00000101110803284888,0.00000101110803284888,0.00000556109418066883,0.00000151666204927332,0.00000353887811497107,0.0000090999722956399,0.000185538324027769,0.00000151666204927332,0.00000303332409854663,0.000111221883613377,0.000279571371082715,0.00000859441827921546,0.00541397796188932,0.0000323554570511641,0.00000505554016424439,0.00000252777008212219,0.0000353887811497107,0.000464098587077635,0.00000202221606569776,0.00000707775622994214,0.000191604972224862,0.0000237610387719486,0.00000252777008212219,0.00000707775622994214,0.000012638850410611,0.0000121332963941865,0.000956002645058614,0.00000454998614781995,0.000215366010996811,0.000185032770011345,0.00000454998614781995,0.000459043046913391,0.00034731560928359,0.000627898088399153,0.0000090999722956399,0.000758331024636658,0,1
"Sg_G18_19",0.0010323413015387,0.00422845379337401,0.00610709251840722,0.00132404596901561,0.000125377396073261,0.00102273577522664,0.000749736606357443,0.00127854610753741,0.00323301793503429,0.00185791101035981,0.000793719805786369,0.00283969691025607,0.000624359210284182,0.00126641281114322,0.00156620634288291,0.001625861716821,0.000840230775297417,0.000837703005215295,0.00214152681357392,0.000929208282188119,0.000555098310034034,0.000487354071833159,0.00050454290839159,0.000731031107749739,0.00057633157872386,0.000496454044128799,0.000485331855767461,0.000526787285114265,0.000565714944378947,0.00115064094138202,0.000458031938880542,0.000426687589862226,0.000480276315603217,0.000371582202071963,0.000930219390220968,0.000497970706178072,0.000407476537238098,0.000975213697682743,0.000637503614711217,0.000854386287757302,0.000720414473404825,0.000598575955446536,0.000433259792075744,0.000399893226991731,0.001712817007646,0.000763386564800903,0.00135033477786968,0.00064458137094116,0.000611720359873571,0.000451965290683448,0.000657725775368195,0.000421632049697982,0.000547009445771243,0.000895336163087681,0.000301310193788966,0.000884719528742768,0.000584925997003076,0.000482804085685339,0.00100706360071748,0.000538920581508452,0.00046359303306121,0.000549031661836941,0.000668342409713108,0.000590992645200169,0.00112283547047868,0,1
"Sg_I05_27",0.00376334409826352,0.00090089725726835,0.00422693713132473,0.00924152742023874,0.0000657220221351771,0.000869552908250035,0.000144082894680965,0.00105559678629423,0.00123557401614133,0.000511115110605108,0.000340237853053647,0.000402420997073853,0.000228510415423846,0.000525270623064992,0.000146610664763087,0.000932241606286665,0.00180735560871737,0.000827591924886806,0.000236093725670213,0.000565209390362523,0.000260360318458586,0.0000237610387719486,0.000261371426491435,0.00018907720214274,0.00013548847640175,0.000235082617637364,0.0000480276315603217,0.0000424665373796529,0.000165316163370792,0.00135539031803392,0.0000581387118888105,0.0000980774791863411,0.000122849625991139,0.0000166832825420065,0.000274010276902046,0.000371582202071963,0.000812930858410498,0.000393321024778213,0.000339732299037223,0.00432450905649465,0.000301310193788966,0.00013093849025393,0.000178966121814251,0.000100605249268463,0.00440843102322111,0.000183516107962071,0.000669859071762381,0.000219915997144631,0.0000743164404143925,0.000119310747876168,0.000255304778294342,0.0000111221883613377,0.0002027271605862,0.00447920858552053,0.000376132188219783,0.00157328409911285,0.000118805193859743,0.000190088310175589,0.000553581647984761,0.000173910581650007,0.00064913135708898,0.0000894830609071257,0.000266932520672104,0.000450954182650599,0.00743417181152137,0,1
"Sg_K15_44",0.000253788116245068,0.00125074063663406,0.00017087725755146,0.00119967968097519,0.000685025692255115,0.000718897811355552,0.00101313024891458,0.0018265666613415,0.000553581647984761,0.000961563739239283,0.00812880303008855,0.000304849071903937,0.00652316347392454,0.00667179635475332,0.000672386841844504,0.000773497645129391,0.00570719929141549,0.001013635802931,0.00205659373881462,0.0103062241788286,0.0170826702149818,0.0274005221361882,0.0152945256588885,0.0101510190957863,0.0153835031657793,0.0138769521968344,0.0256816384803451,0.0441566044565598,0.0111525216023231,0.000565714944378947,0.0194036687043864,0.0134431868507423,0.0271482506819924,0.00904385579981679,0.0178829622229817,0.0115852758403824,0.0105761900235993,0.0143638007146512,0.00685885134083036,0.0152368925010162,0.0124892064217493,0.017760618151007,0.00332047877987571,0.0340728240449579,0.00235385950047219,0.0125362229452768,0.00242767038687016,0.0244849921234684,0.0351951539614202,0.000121332963941865,0.0125862727929028,0.0336360253747672,0.00608282592561885,0.00297063540051,0.00488921289284075,0.00503279023350529,0.0142318511163644,0.0176205796884574,0.0149765321825576,0.0242205873728784,0.0090317225034226,0.0143890784154724,0.00450094740822678,0.0121388574883672,0.00702618972026685,0,1
"Sg_K36_16",0.000688564570370086,0.00408285423664377,0.000258843656409313,0.00510710667391968,0.00272898058065912,0.00238975383563832,0.00309550724256684,0.0112632379319201,0.00247772023449618,0.0043027702337884,0.0497960595097744,0.00116327979179263,0.0235623560434938,0.036300295041324,0.00308893504035332,0.00258489768597816,0.0251659733835921,0.00398326009540815,0.0133688704103279,0.0574420584541776,0.094177635503643,0.155444715646088,0.0931255775954638,0.0286821015678241,0.0673438394198667,0.0659019993650242,0.160515422430825,0.278075436748115,0.0544992285245709,0.00121787962556647,0.121342063914161,0.0645557090192859,0.150969551492699,0.0445352644148617,0.177933274958696,0.0735242372706554,0.0572787645068725,0.0761536237100789,0.0274237776209437,0.0597296903784982,0.104729053380437,0.100791798700524,0.00911210559203409,0.217152133336838,0.00244435366941216,0.0694373386018803,0.00316173481871844,0.165788856376148,0.20829937695523,0.0000187054986077042,0.086469958969236,0.192607991393448,0.0288524732713592,0.00986133664437511,0.0256270386465712,0.019188808247406,0.0880685207691701,0.0936715759332022,0.0847960696208547,0.133836831430091,0.0431272964791196,0.0848754416014333,0.0210507636898972,0.0597478903230895,0.0301932025229168,0,1
"Sg_K36_3",0.0000733053323815436,0.00757774915218591,0.000356921135595654,0.000105660789432708,0.0000187054986077042,0.000259854764442162,0.0000525776177081416,0.00000505554016424439,0.0296244542544393,0.000805853102180556,0.0000834164127100324,0.000994424750306871,0.00010818855951483,0.000181999445912798,0.000762375456768054,0.000386748822564696,0.00115114649539845,0.00000303332409854663,0.0213920126509837,0.000110210775580528,0.0000222443767226753,0.000229521523456695,0.0000454998614781995,0.00411470413967851,0.0000313443490183152,0.00000758331024636658,0.00000606664819709327,0.00428659250526282,0.000033366565084013,0.000000505554016424439,0.000190088310175589,0.0000904941689399746,0.00000151666204927332,0.00000252777008212219,0.000116782977794045,0.0000106166343449132,0.0000111221883613377,0.0000444887534453506,0.0000141555124598843,0.000459548600929815,0.000117794085826894,0.00000404443213139551,0.00000556109418066883,0.0000561164958231127,0.000275526938951319,0.000413543185435191,0.0000636998060694793,0.00000808886426279102,0.00000353887811497107,0.0000358943351661352,0.00000454998614781995,0.0000156721745091576,0.0000131444044270354,0.000116782977794045,0.00000151666204927332,0.00124619065048624,0.00000556109418066883,0.00000808886426279102,0.0000303332409854663,0.00000151666204927332,0.0000490387395931706,0.0000869552908250035,0.0000965608171370678,0.0000111221883613377,0.000610709251840722,0,1
"Sg_K40_4",0.0071369060498638,0.0108643558129612,0.00498172927784642,0.000417082063550162,0.00000353887811497107,0.000386748822564696,0.000192616080257711,0.00128714052581662,0.0000677442382008748,0.0000439831994289262,0.0000272999168869197,0.00000202221606569776,0.0000384221052482574,0.000199693836487653,0.00000404443213139551,0.0000338721191004374,0.000485331855767461,0.00000556109418066883,0.0000171888365584309,0.000436798670190715,0.0000510609556588683,0.0000156721745091576,0.0000454998614781995,0.000189582756159165,0.00011728853181047,0.000036905443198984,0.0000237610387719486,0.0000363998891825596,0.000036905443198984,0.00000556109418066883,0.0000308387950018908,0.000016177728525582,0.0000181999445912798,0.00000859441827921546,0.0000106166343449132,0.0000409498753303795,0.000000505554016424439,0.000153688420993029,0.000138016246483872,0.000488870733882432,0.0000525776177081416,0.0000257832548376464,0.0000131444044270354,0.0000181999445912798,0.000148632880828785,0.000041455429346804,0.0000176943905748554,0.0000237610387719486,0.0000626886980366304,0.00000151666204927332,0.0000520720636917172,0.0000262888088540708,0.0000222443767226753,0.000275021384934895,0.0000874608448414279,0.000582903780937378,0.0000768442104965147,0.0000111221883613377,0.000645086924957584,0.0000232554847555242,0.000262382534524284,0.0004054543211724,0.000090999722956399,0.00267994184106595,0.000551053877902638,0,1
"Sg_M02_5",0.0000444887534453506,0.0000475220775438973,0.0000353887811497107,0.0000384221052482574,0.000151666204927332,0.0000460054154946239,0.0000470165235274728,0.0000303332409854663,0.0000227499307390997,0.0000626886980366304,0.000191604972224862,0.000028816578936193,0.000394837686827487,0.00443016984592736,0.0000348832271332863,0.0000480276315603217,0.000200199390504078,0.0000439831994289262,0.000190088310175589,0.0163026003676389,0.000221432659193904,0.000407982091254522,0.00540588909762652,0.00039635434887676,0.00607524261537248,0.00533005599516286,0.000411015415353069,0.00277700821221944,0.000228510415423846,0.000415565401500889,0.000380176620351178,0.000254293670261493,0.00102627465334161,0.000313949044199577,0.0011936130327781,0.0188662647849272,0.0000353887811497107,0.000439831994289262,0.00602772053782858,0.00528051170155326,0.00395292685442269,0.0149396267393586,0.000243171481900155,0.000308893504035332,0.000282099141164837,0.000245699251982277,0.0025939976582738,0.000732042215782587,0.000386243268548271,0.0000323554570511641,0.000229521523456695,0.000435282008141442,0.0116130813112858,0.000445393088469931,0.0000960552631206434,0.000207782700750444,0.000165316163370792,0.000447920858552053,0.00531792269876867,0.000417082063550162,0.0248874131205423,0.000289682451411203,0.00279419704877787,0.000339732299037223,0.000446909750519204,0,1
"Sg_M07_27",0.0000192110526241287,0.0000353887811497107,0.000122849625991139,0.00744377733783344,0.00000101110803284888,0.00157783408526067,0.0000090999722956399,0.00000454998614781995,0.000028816578936193,0.0000111221883613377,0.0000247721468047975,0.00000151666204927332,0.0000090999722956399,0.0000854386287757302,0,0.00000758331024636658,0.0000571276038559616,0.00000606664819709327,0.00000353887811497107,0.0000869552908250035,0.0000166832825420065,0.00000303332409854663,0.0000267943628704953,0.0000217388227062509,0.00000252777008212219,0.0000197166066405531,0.00000303332409854663,0.00000202221606569776,0.0000141555124598843,0.000000505554016424439,0.0000298276869690419,0.0000141555124598843,0.00000758331024636658,0.00000202221606569776,0.00000505554016424439,0.0000111221883613377,0,0.0000434776454125017,0.000020727714673402,0.0000156721745091576,0.00000960552631206434,0.0000156721745091576,0.0000429720913960773,0.00000202221606569776,0.0000753275484472414,0.00000758331024636658,0.00000404443213139551,0.0000146610664763087,0.000020727714673402,0.00000859441827921546,0.00000202221606569776,0.00000303332409854663,0.0000187054986077042,0.0000727997783651192,0.00000252777008212219,0.0000394332132811062,0.00000606664819709327,0.00000353887811497107,0.0000166832825420065,0.00000505554016424439,0.0000267943628704953,0.00000808886426279102,0.0000141555124598843,0.0000242665927883731,0.0000439831994289262,2,0.969231
"Sg_M07_39",0.00150907873902695,0.000049544293609595,0.0030388851927273,0.0000363998891825596,0.000000505554016424439,0.0000399387672975307,0.0000222443767226753,0.00000151666204927332,0.00014458844869739,0.00000960552631206434,0.00000808886426279102,0.0000677442382008748,0.0000465109695110484,0.0000879663988578524,0.0000166832825420065,0.0000399387672975307,0.000680475706107295,0.000000505554016424439,0.0000510609556588683,0.0000136499584434599,0.000416576509533738,0,0.0000318499030347396,0.0000298276869690419,0.000000505554016424439,0,0.00000303332409854663,0.00000101110803284888,0,0,0.00000101110803284888,0.00000151666204927332,0.00000101110803284888,0.000000505554016424439,0.0000460054154946239,0.0000156721745091576,0.00000101110803284888,0.00103790239571937,0.00000606664819709327,0.000318499030347396,0.000167338379436489,0.0000444887534453506,0.0000793719805786369,0,0.0000136499584434599,0.000070272008282997,0.0000111221883613377,0.000000505554016424439,0,0.000000505554016424439,0.00000151666204927332,0.000000505554016424439,0.00000353887811497107,0.0000313443490183152,0.0000232554847555242,0.00000353887811497107,0.0000257832548376464,0,0.0000212332686898264,0.0000960552631206434,0.0000217388227062509,0.00000454998614781995,0.000201716052553351,0.000214354902963962,0.00000353887811497107,7,0.892308
"Sg_M12_6",0.000776530969227938,0.000815964182509044,0.000352371149447834,0.00381895504007021,0.00143830117672753,0.00310207944478036,0.00189228868347667,0.000448426412568477,0.00330126772725159,0.00028816578936193,0.00176943905748554,0.00138875688311793,0.0275986993106265,0.00441550877945105,0.00267235853081958,0.00867935135397477,0.0203960712386276,0.00938106032877189,0.0019858161765152,0.0155316304925916,0.0288180955982423,0.0390287700679667,0.0396005516605427,0.0271138730088755,0.0183162220150574,0.0330551438098955,0.00279217483271218,0.027826704172034,0.0215942342575535,0.00951048215697654,0.00690182343222644,0.0237089667082569,0.0591326310851009,0.00298630757501916,0.0344737283799825,0.0251128902118676,0.000891291730956286,0.00892454505194062,0.0312462715391289,0.0887510186913431,0.0212474242022863,0.0285006076759277,0.0358948407201516,0.0040130877823772,0.00138926243713436,0.0016652949301021,0.042064116382579,0.00357628911218648,0.0140508627784844,0.000537909473475603,0.0440443714649135,0.0481954754937746,0.0279733148367971,0.0228343582598426,0.00241806486055809,0.0301633748359477,0.0141464124875886,0.0226265755590922,0.0130690768785882,0.0148016104928747,0.0129775716016153,0.00267589740893456,0.0131833320863001,0.0374873358718886,0.0379640733093768,0,1
"Sg_OA11r1_9",0.0000404443213139551,0.000131949598286779,0.0000212332686898264,0.0000328610110675885,0.000016177728525582,0.0000404443213139551,0.000041455429346804,0.000049544293609595,0.00091909720185963,0.0000551053877902638,0.00014003846254957,0.0000151666204927332,0.000245699251982277,0.0170629536083412,0.0000318499030347396,0.00192514969454426,0.000152677312960181,0.000368043323956992,0.0000429720913960773,0.000169866149518611,0.000181493891896374,0.000228004861407422,0.000281088033131988,0.00346759499865523,0.000235082617637364,0.0034670894446388,0.0131049712137543,0.00121939628761575,0.000121332963941865,0.0000252777008212219,0.000249238130097248,0.00014003846254957,0.00340440074660217,0.003127862699618,0.00190543308790371,0.000256821440343615,0.0000753275484472414,0.000161271731239396,0.0000950441550877945,0.000191099418208438,0.0104700236801501,0.00027906581706629,0.000109705221564103,0.000439326440272837,0.0194228797570105,0.000191099418208438,0.000136499584434599,0.000294232437559023,0.000270471398787075,0.000132960706319627,0.000461570816995513,0.00033366565084013,0.000220421551161055,0.000691597894468632,0.0000606664819709327,0.000562176066263976,0.000188571648126316,0.00253990337851638,0.00156216191075152,0.00159755069190123,0.000149138434845209,0.00793669250384727,0.0081318363541871,0.00060363149561078,0.010815317073368,0,1
"Sg_OB03r2_39",0.0000657220221351771,0.000119310747876168,0.0000323554570511641,0.000199693836487653,0.000139532908533145,0.0002027271605862,0.000235588171653789,0.00102172466719379,0.000207782700750444,0.000235082617637364,0.00400803224221295,0.0000889775068907012,0.00211119357258846,0.00177803347576475,0.000265921412639255,0.000120321855909016,0.00125225729868334,0.000408993199287371,0.00422592602329188,0.00254597002671347,0.00349691713160784,0.00881635649242579,0.00415717067705816,0.00369559986006265,0.00363897781022311,0.00335788977709112,0.00648170804457773,0.0111373549818304,0.00309095725641902,0.000159249515173698,0.0058563377262607,0.00333210652225348,0.00692204559288342,0.00467435243586036,0.00391703251925655,0.00338316747791234,0.00247064247826623,0.00552823316960124,0.00115670758957912,0.00314100710404504,0.00285941351689663,0.00516221206170995,0.00139381242328218,0.00833961905493754,0.000901908365301199,0.00441095879330323,0.000947913780795823,0.00971422042559559,0.00773598755932676,0.000459548600929815,0.00256012553917336,0.0119841579593413,0.00249844794916958,0.0123390568788713,0.00175781131510777,0.00112839656465935,0.00561973844657406,0.00481489645242636,0.00489679620308711,0.00574916027477872,0.00224920981907233,0.00537555585664106,0.00211978799086767,0.00279015261664648,0.00215214344791884,0,1
"Sg_OB24r1_18",0.0053391559674585,0.0060610871029126,0.00101262469489815,0.00491246837759627,0.00535887257409905,0.00294181882157381,0.00916114433162726,0.0204890931776497,0.00844022430420601,0.00331340102364577,0.00366425551104433,0.00140746238172564,0.140994465194628,0.0104826625305607,0.0112581823917558,0.00748978275332806,0.0194678740644723,0.0166256493841341,0.00446454751904422,0.00252979229818789,0.00373098864121236,0.00765105448456746,0.0610400863890703,0.0643534874127161,0.0896372548821351,0.009279949525487,0.00839371333469496,0.0083593356615781,0.0125003286101107,0.00956508199075038,0.00882444535668858,0.0707553179226988,0.0429134471301721,0.0769645323524237,0.00199946613495866,0.0240224101984401,0.00314100710404504,0.0111085384028942,0.0146120277367156,0.00756207697767676,0.00946144341738337,0.00960906519017931,0.0673190672730619,0.076925604693159,0.00412228744992487,0.00189329979150952,0.000849836301609482,0.00732396103594085,0.0316143148630859,0.00427648142493433,0.121972489772642,0.0110948884444507,0.0160831899245107,0.0164845998135517,0.00130786824049002,0.0181266392588983,0.00565462167370735,0.0362820950967327,0.00745186620209623,0.00720566139609753,0.0206761481637267,0.0107212840263131,0.0071844281274077,0.0102945964364508,0.00920209420695764,0,1
"Sg_OM21r1_55",0.0006081814817586,0.0000844275207428813,0.000160260623206547,0.000229521523456695,0.00000101110803284888,0.000219410443128206,0.000020727714673402,0.0000915052769728234,0.000229015969440271,0.0000379165512318329,0.0000166832825420065,0.0000131444044270354,0.0000267943628704953,0.000445898642486355,0.00000505554016424439,0.0000379165512318329,0.000243171481900155,0.0000146610664763087,0.000020727714673402,0.000274010276902046,0.000105660789432708,0.0000136499584434599,0.0000404443213139551,0.0000520720636917172,0.0000166832825420065,0.0000363998891825596,0.0000217388227062509,0.00000202221606569776,0.0000308387950018908,0.000000505554016424439,0.0000247721468047975,0.0000293221329526175,0.0000596553739380838,0.00000303332409854663,0.0000257832548376464,0.0000303332409854663,0,0.0000293221329526175,0.000020727714673402,0.000163293947305094,0.0000419609833632284,0.0000338721191004374,0.000033366565084013,0.0000176943905748554,0.000335687866905827,0.000016177728525582,0.000125377396073261,0.0000146610664763087,0.0000338721191004374,0.00000808886426279102,0.0000439831994289262,0.00000101110803284888,0.0000571276038559616,0.000681992368156568,0.00000960552631206434,0.00010818855951483,0.0000136499584434599,0.0000116277423777621,0.000200199390504078,0.00000960552631206434,0.000240643711818033,0.0000363998891825596,0.00011273854566265,0.00016177728525582,0.00108643558129612,1,0.984615
"Sg_P27_36",0.000367032215924143,0.000319004584363821,0.00000960552631206434,0.000107177451481981,0.00184173328183423,0.000938308254483759,0.000479770761586793,0.0000106166343449132,0.000662781315532439,0.000831130803001778,0.0000313443490183152,0.0000773497645129392,0.0162222172790274,0.00235284839243934,0.000529315055196388,0.00000303332409854663,0.00879512322373596,0.00738462751791178,0.0000692609002501481,0.00647260807228209,0.0119887079454891,0.030351946484074,0.00582802670134093,0.00575623803100866,0.0286340739362638,0.00818542507992809,0.0000530831717245661,0.00574814916674587,0.00646401365400288,0.0000551053877902638,0.0000116277423777621,0.00942302131213512,0.0076353823100583,0.0453148287081882,0.0141782623906234,0.00544734452697333,0.006780996022301,0.0109235056328829,0.0111302772256004,0.00951199881902582,0.0000500498476260195,0.000609698143807873,0.00137005138451023,0.0000652164681187526,0.00513743991490515,0.0000257832548376464,0.00678554600844882,0.0108582891647641,0.0000844275207428813,0.000215366010996811,0.0000566220498395372,0.0000545998337738394,0.0179127899099507,0.000112232991646225,0.0000470165235274728,0.00609698143807873,0.000012638850410611,0.00142566232631692,0.00315819594060347,0.0168900541347241,0.00366526661907718,0.0154825917529984,0.00309601279658326,0.00634520846014313,0.00165316163370792,0,1
"Sg_YB37_28",0.000241149265834457,0.000766925442915874,0.000285638019279808,0.00310764053896103,0.001241135110322,0.00343068955545624,0.000863486260052942,0.000244182589933004,0.0005626816202804,0.000721425581437674,0.00141605680000485,0.000659242437417468,0.00193981076102057,0.000709797839059912,0.000406970983221673,0.000314454598216001,0.00296406319829648,0.000251260346162946,0.00109351333752606,0.00598575955446536,0.00149795655066561,0.00163951167526446,0.00156570078886649,0.0117010477101436,0.00702163973411903,0.01110348286273,0.00133466260336052,0.0043937699567448,0.00332199544192499,0.00130685713245717,0.00120018523499162,0.00079725868390134,0.00144891781107244,0.00130786824049002,0.000625875872333455,0.00392613249155219,0.00136752361442811,0.00194183297708627,0.00166276716001998,0.00736389980323838,0.00118147973638391,0.0138051635265022,0.00193576632888918,0.00253838671646711,0.000879663988578524,0.00114255207711923,0.0145594501190074,0.0024514314256421,0.00307073509576204,0.000221432659193904,0.00382401058023446,0.00498476260194497,0.000926680512105996,0.00174921689682856,0.00673094617467498,0.000670364625778806,0.00120119634302447,0.0126575559092187,0.00720566139609753,0.00310359610682963,0.00658686327999401,0.00333210652225348,0.00270521954188717,0.00222696544234965,0.0126585670172515,0,1
"Sg_Z03_24",0.00539173358516664,0.010608039926634,0.0326759782975772,0.00303837963871088,0.0000763386564800903,0.00285031354460099,0.000987346994076929,0.0000257832548376464,0.00477546323914525,0.00102526354530876,0.0000980774791863411,0.00105357457022853,0.000508587340522985,0.00202626049782915,0.00011273854566265,0.00604086494225562,0.00300703528969256,0.000041455429346804,0.00184577771396563,0.00276942490197308,0.00107581894695121,0.0000106166343449132,0.000241654819850882,0.000311421274117454,0.000104649681399859,0.0000303332409854663,0.0000818997506607591,0.000214354902963962,0.0000535887257409905,0.0000363998891825596,0.0000616775900037815,0.0000995941412356145,0.0000556109418066883,0.00000202221606569776,0.000491904057980979,0.0000389276592646818,0.0000192110526241287,0.00339176189619156,0.000315971260265274,0.000994930304323296,0.00113749653695499,0.0000318499030347396,0.0000682497922172993,0.0000202221606569776,0.000720414473404825,0.000100099695252039,0.000506059570440863,0.0000384221052482574,0.00000556109418066883,0.0000596553739380838,0.000354898919529956,0.0000116277423777621,0.000102121911317737,0.000193121634274136,0.000239632603785184,0.00049999292224377,0.0000328610110675885,0.000012638850410611,0.00406414873803606,0.0000449943074617751,0.000319004584363821,0.000392815470761789,0.000796753129884916,0.000300804639772541,0.000356415581579229,0,1
"Sg_Z17_26",0.00157176743706358,0.00452470844699873,0.0201513830946781,0.00299085756116698,0,0.0018740887388854,0.0000687553462337237,0.00014003846254957,0.0000788664265622125,0.00000303332409854663,0.00000101110803284888,0.0000141555124598843,0.0000647109141023282,0.00579971567642116,0.0000111221883613377,0.00527444505335617,0.000888763960874164,0.000000505554016424439,0.0000313443490183152,0.00000303332409854663,0.000317487922314548,0.000000505554016424439,0.0000586442659052349,0.000169360595502187,0.0000758331024636658,0.000000505554016424439,0.00000404443213139551,0.0000652164681187526,0.00000101110803284888,0,0.00000303332409854663,0.00000151666204927332,0.00000202221606569776,0.000000505554016424439,0.0000409498753303795,0.000000505554016424439,0.000000505554016424439,0.00212383242299907,0.000156216191075152,0.000399893226991731,0.000457020830847693,0.000000505554016424439,0.00000606664819709327,0,0.0000257832548376464,0.00000151666204927332,0.0000106166343449132,0.000000505554016424439,0.00000960552631206434,0,0.00000505554016424439,0.00000101110803284888,0.00000151666204927332,0.0000358943351661352,0.0000353887811497107,0.000451965290683448,0,0.00000202221606569776,0.00238368718744123,0.0000116277423777621,0.0000869552908250035,0.00000859441827921546,0.000399893226991731,0.000294737991575448,0.00112182436244583,5,0.923077
